canonical_brand,canonical_model,display_name,car_seat_id,seat_type,lifecycle_status,source_table,in_carseat_table,in_affiliate_catalog,in_public_picker,picker_display_name,compatibility_row_count,compatible_stroller_count,babylist_url,amazon_url,other_retailer_url,image_available,duplicate_group,likely_duplicate_of,identity_issue,travel_system_only,notes
Baby Jogger,City GO 2,Baby Jogger City GO 2,baby-jogger-city-go-2,INFANT,,CarSeat,yes,,yes,Baby Jogger City GO 2 Infant Car Seat in Frosted Ivory,5,5,https://babylist.pxf.io/c/6560395/1160375/13580?prodsku=219570&u=https%3A%2F%2Fwww.babylist.com%2Fgp%2Fbaby-jogger-city-go-2-infant-car-seat%2F15094%2F219570&intsrc=APIG_8981,,,yes,,,no,no,
Baby Trend,EZ-Lift Pro,Baby Trend EZ-Lift Pro,cmqx4qowc000038356zwhetli,INFANT,,CarSeat,yes,,yes,Baby Trend EZ-Lift Pro Infant Car Seat in Dash Black,4,4,https://babylist.pxf.io/c/6560395/1160375/13580?prodsku=2181869&u=https%3A%2F%2Fwww.babylist.com%2Fgp%2Fbaby-trend-ez-lift-pro-infant-car-seat%2F58136%2F2181869&intsrc=CATF_8981,,,yes,,,no,no,
Baby Trend,Secure-Lift 35,Baby Trend Secure-Lift 35,cmqx4qp1700013835r8xduy8t,INFANT,,CarSeat,yes,,yes,Baby Trend Secure-Lift 35 Infant Car Seat in Dash Grey,2,2,https://babylist.pxf.io/c/6560395/1160375/13580?prodsku=1701777&u=https%3A%2F%2Fwww.babylist.com%2Fgp%2Fbaby-trend-secure-lift-35-infant-car-seat%2F44801%2F1701777&intsrc=CATF_8981,,,yes,,,no,no,
Britax,Cypress S,Britax Cypress,britax-cypress-s,INFANT,,CarSeat,yes,,no,,25,25,,,,yes,,,yes,yes,
Britax,Willow S,Britax Willow S,britax-willow-s,INFANT,,CarSeat,yes,,yes,"Britax - Willow S Infant Car Seat with Alpine Anti-Rebound Base, Glacier Onyx",31,31,,,https://www.macrobaby.com/products/britax-willow-s-infant-car-seat-with-alpine-anti-rebound-base-glacier-onyx?_j=taylormadebabyco.com,yes,,,yes,no,
Britax,Willow SC,,cmqt1dq4e00043u44vihpznhm,INFANT,,CarSeat,yes,,yes,"Britax - Willow SC Infant Car Seat, Rear Facing Car Seat",24,24,,,https://www.macrobaby.com/products/britax-willow-sc-infant-car-seat-rear-facing-car-seat?_j=taylormadebabyco.com,yes,,,yes,no,
Bugaboo,Turtle Air Shield by Nuna,Bugaboo Turtle Air Shield by Nuna,cmqx4qp4e00023835j1p6ghf9,INFANT,,CarSeat,yes,,yes,Bugaboo Turtle Air Shield by Nuna Car Seat + Recline Base | 100% Polyester,3,3,https://babylist.pxf.io/c/6560395/1160375/13580?prodsku=2116047&u=https%3A%2F%2Fwww.babylist.com%2Fgp%2Fbugaboo-turtle-air-shield-by-nuna-car-seat-recline-base%2F56787%2F2116047&intsrc=CATF_8981,,https://www.macrobaby.com/products/bugaboo-turtle-air-shield-by-nuna-car-seat?_j=taylormadebabyco.com,yes,,,no,no,
Chicco,KeyFit 30,Chicco KeyFit 30,chicco-keyfit-30,INFANT,,CarSeat,yes,,no,,52,52,https://babylist.pxf.io/c/6560395/1160375/13580?prodsku=1101932&u=https%3A%2F%2Fwww.babylist.com%2Fgp%2Fchicco-keyfit-30-cleartex-infant-car-seat%2F24729%2F1101932&intsrc=APIG_8981,,,yes,,,no,yes,
Chicco,KeyFit 30 ClearTex,Chicco KeyFit 30 ClearTex,cmqx4qp6y00033835pgtlizxk,INFANT,,CarSeat,yes,,yes,Chicco KeyFit 30 ClearTex Infant Car Seat in Pewter,52,52,https://babylist.pxf.io/c/6560395/1160375/13580?prodsku=1101932&u=https%3A%2F%2Fwww.babylist.com%2Fgp%2Fchicco-keyfit-30-cleartex-infant-car-seat%2F24729%2F1101932&intsrc=CATF_8981,,,yes,,,no,no,
Chicco,KeyFit Max ClearTex,Chicco KeyFit Max ClearTex,cmqx4qp9s00043835h85g6sl0,INFANT,,CarSeat,yes,,yes,Chicco KeyFit Max ClearTex Infant Car Seat in Legend,52,52,https://babylist.pxf.io/c/6560395/1160375/13580?prodsku=2383558&u=https%3A%2F%2Fwww.babylist.com%2Fgp%2Fchicco-keyfit-max-cleartex-infant-car-seat%2F71751%2F2383558&intsrc=CATF_8981,,,yes,,,no,no,
Chicco,KeyFit Max Zip ClearLux,Chicco KeyFit Max Zip ClearLux,cmqx4qpc50005383512d994gn,INFANT,,CarSeat,yes,,yes,Chicco KeyFit Max Zip ClearLux Infant Car Seat in Midori,52,52,https://babylist.pxf.io/c/6560395/1160375/13580?prodsku=2383554&u=https%3A%2F%2Fwww.babylist.com%2Fgp%2Fchicco-keyfit-max-zip-clearlux-infant-car-seat%2F71749%2F2383554&intsrc=CATF_8981,,,yes,,,no,no,
Chicco,KeyFit Max Zip ClearTex,Chicco KeyFit Max Zip ClearTex,cmqx4qpeg00063835eten1p5s,INFANT,,CarSeat,yes,,yes,Chicco KeyFit Max Zip ClearTex Infant Car Seat in Apex,52,52,https://babylist.pxf.io/c/6560395/1160375/13580?prodsku=2383555&u=https%3A%2F%2Fwww.babylist.com%2Fgp%2Fchicco-keyfit-max-zip-cleartex-infant-car-seat%2F71750%2F2383555&intsrc=CATF_8981,,https://www.macrobaby.com/products/chicco-keyfit-max-zip-cleartex-infant-car-seat-sierra?_j=taylormadebabyco.com,yes,,,no,no,
Clek,Liing,Clek Liing,clek-liing,INFANT,,CarSeat,yes,,yes,Clek Liing Infant Car Seat in Edge Ziip (Flame Retardant Free),71,71,https://babylist.pxf.io/c/6560395/1160375/13580?prodsku=2028173&u=https%3A%2F%2Fwww.babylist.com%2Fgp%2Fclek-liing-infant-car-seat%2F14716%2F2028173&intsrc=APIG_8981,,,yes,,,yes,no,
Clek,Liingo,Clek Liingo,clek-liingo,INFANT,,CarSeat,yes,,no,,68,68,,https://amzn.to/3TKZTgg,,yes,,,no,yes,
Cybex,Aton G2,Cybex Aton G2,cmqx4qpgs00073835wm1de2we,INFANT,,CarSeat,yes,,yes,Cybex Aton G2 Infant Car Seat with Load Leg Base in Almond Beige,71,71,https://babylist.pxf.io/c/6560395/1160375/13580?prodsku=2797217&u=https%3A%2F%2Fwww.babylist.com%2Fgp%2Fcybex-aton-g2-infant-car-seat-with-load-leg-base%2F78438%2F2797217&intsrc=CATF_8981,,https://www.macrobaby.com/products/cybex-aton-g2-infant-car-seat-with-load-leg-base-almond-beige-1?_j=taylormadebabyco.com,yes,,,no,no,
Cybex,Aton G2 Swivel,CYBEX Aton G2 Swivel,cmrdwvbsy000u7tmavhnk64ww,INFANT,,CarSeat,yes,,no,,69,69,https://babylist.pxf.io/c/6560395/1056628/13580?u=https%3A%2F%2Fwww.babylist.com%2Fstore%2Fsearch%3Fsearch_term%3DCYBEX%2BAton%2BG2%2BSwivel&partnerpropertyid=7490466,https://amzn.to/44eNIKS,,yes,,,no,yes,
Cybex,Cloud G Pro Comfort Extend,Cybex Cloud G Pro,cmqx4qpj400083835htva49ii,INFANT,,CarSeat,yes,,yes,Cybex Cloud G Pro Comfort Extend Infant Car Seat in Almond Beige,70,70,https://babylist.pxf.io/c/6560395/1160375/13580?prodsku=2732817&u=https%3A%2F%2Fwww.babylist.com%2Fgp%2Fcybex-cloud-g-pro-comfort-extend-infant-car-seat%2F77670%2F2732817&intsrc=CATF_8981,,https://www.macrobaby.com/products/cybex-cloud-g-pro-comfort-extend-infant-car-seat-almond-beige?_j=taylormadebabyco.com,yes,,,no,no,
Cybex,Cloud T,CYBEX Cloud T,cybex-cloud-t,INFANT,,CarSeat,yes,,yes,Cybex - Cloud T Infant Car Seatsensorsafe - Sepia Black,91,91,https://babylist.pxf.io/c/6560395/1160375/13580?prodsku=3316453&u=https%3A%2F%2Fwww.babylist.com%2Fgp%2Fcybex-cloud-t-comfort-extend-infant-car-seat-with-sensorsafe%2F58039%2F3316453&intsrc=APIG_8981,,https://www.macrobaby.com/products/cybex-cloud-t-infant-car-seatsensorsafe-sepia-black?_j=taylormadebabyco.com,yes,,,no,no,
Doona,Doona,Doona,cmqx4qpnw000a3835ebidrs9t,INFANT,,CarSeat,yes,,yes,Doona Infant Car Seat & Stroller,0,0,https://babylist.pxf.io/c/6560395/1160375/13580?prodsku=411207&u=https%3A%2F%2Fwww.babylist.com%2Fgp%2Fdoona-infant-car-seat-stroller-midnight-edition%2F19926%2F411207&intsrc=CATF_8981,,https://www.macrobaby.com/products/doona-infant-car-seat-with-base-deep-blue?_j=taylormadebabyco.com,yes,,,no,no,
Doona,X,Doona X,cmrdwvbwc000v7tmajufgdt7k,INFANT,,CarSeat,yes,,no,,0,0,,,,yes,,,no,no,
Evenflo,LiteMax NXT,Evenflo LiteMax NXT,cmqx4qpsh000c3835q2cpm0f5,INFANT,,CarSeat,yes,,yes,Evenflo LiteMax NXT Infant Car Seat with SensorySoothe in Jasper,6,6,https://babylist.pxf.io/c/6560395/1160375/13580?prodsku=2423865&u=https%3A%2F%2Fwww.babylist.com%2Fgp%2Fevenflo-litemax-nxt-infant-car-seat-with-sensorysoothe%2F73031%2F2423865&intsrc=CATF_8981,,,yes,,,yes,no,
Evenflo,Revolve180 LiteMax NXT Rotational,Evenflo Revolve180 LiteMax NXT Rotational,cmqx4qpuv000d3835u7w79rhg,INFANT,,CarSeat,yes,,yes,Evenflo Revolve180 LiteMax NXT Rotational Infant Car Seat with SensorySoothe in Quartz,6,6,https://babylist.pxf.io/c/6560395/1160375/13580?prodsku=2417736&u=https%3A%2F%2Fwww.babylist.com%2Fgp%2Fevenflo-revolve180-litemax-nxt-rotational-infant-car-seat-with-sensorysoothe%2F72981%2F2417736&intsrc=CATF_8981,,,yes,,,yes,no,
Graco,GoMax,Graco GoMax,cmqx4qpx8000e3835nvrnxr0i,INFANT,,CarSeat,yes,,yes,Graco GoMax Baseless Infant Car Seat ft. Insta-Install Rigid LATCH in Ace,37,37,https://babylist.pxf.io/c/6560395/1160375/13580?prodsku=2341063&u=https%3A%2F%2Fwww.babylist.com%2Fgp%2Fgraco-gomax-baseless-infant-car-seat-ft-insta-install-rigid-latch%2F70367%2F2341063&intsrc=CATF_8981,,,yes,,,no,no,
Graco,SnugRide Lite LX,Graco SnugRide Lite LX,cmqx4qpzp000f3835i6cp9pth,INFANT,,CarSeat,yes,,yes,Graco SnugRide Lite LX Infant Car Seat & Extra Base in Studio/Black,47,47,https://babylist.pxf.io/c/6560395/1160375/13580?prodsku=351788&u=https%3A%2F%2Fwww.babylist.com%2Fgp%2Fgraco-snugride-lite-lx-infant-car-seat%2F17838%2F351788&intsrc=CATF_8981,,,yes,,,no,no,
Graco,SnugRide SnugFit,Graco SnugRide SnugFit,cmqx4qq4h000h3835n8ni2r9m,INFANT,,CarSeat,yes,,yes,Graco SnugRide SnugFit Infant Car Seat in Gotham,47,47,https://babylist.pxf.io/c/6560395/1160375/13580?prodsku=529534&u=https%3A%2F%2Fwww.babylist.com%2Fgp%2Fgraco-snugride-snugfit-infant-car-seat%2F20466%2F529534&intsrc=CATF_8981,,,yes,,,no,no,
Graco,SnugRide SnugFit DLX,Graco SnugRide SnugFit DLX,cmqx4qq26000g3835g3mh924j,INFANT,,CarSeat,yes,,yes,Graco SnugRide SnugFit DLX Infant Car Seat in Maison,47,47,https://babylist.pxf.io/c/6560395/1160375/13580?prodsku=1111843&u=https%3A%2F%2Fwww.babylist.com%2Fgp%2Fgraco-snugride-snugfit-dlx-infant-car-seat%2F20467%2F1111843&intsrc=CATF_8981,,,yes,,,no,no,
Graco,SnugRide SnugFit LX,Graco SnugRide SnugFit LX,cmqx4qq6u000i3835j7t2euy8,INFANT,,CarSeat,yes,,yes,Graco SnugRide SnugFit LX Infant Car Seat in Pierce,47,47,https://babylist.pxf.io/c/6560395/1160375/13580?prodsku=529540&u=https%3A%2F%2Fwww.babylist.com%2Fgp%2Fgraco-snugride-snugfit-lx-infant-car-seat%2F20469%2F529540&intsrc=CATF_8981,,,yes,,,no,no,
Joie,Mint Latch,Joie Mint Latch,cmqx4qq94000j3835te5r5f6g,INFANT,,CarSeat,yes,,yes,Joie Mint Latch Baseless Infant Car Seat in Dove,7,7,https://babylist.pxf.io/c/6560395/1160375/13580?prodsku=2419731&u=https%3A%2F%2Fwww.babylist.com%2Fgp%2Fjoie-baby-mint-latch-baseless-infant-car-seat%2F54936%2F2419731&intsrc=CATF_8981,,,yes,,,no,no,
Joie,Rue,Joie Rue,joie-rue,INFANT,,CarSeat,yes,,yes,Joie Rue Infant Car Seat with Base in Blush,6,6,https://babylist.pxf.io/c/6560395/1160375/13580?prodsku=2419733&u=https%3A%2F%2Fwww.babylist.com%2Fgp%2Fjoie-rue-infant-car-seat-with-base%2F54935%2F2419733&intsrc=APIG_8981,,,yes,,,no,no,
Maxi-Cosi,Ambra,Maxi-Cosi Ambra,cmqx4qqbg000k3835k8b3mf6l,INFANT,,CarSeat,yes,,yes,"Maxi-Cosi Ambra Infant Car Seat, Caspian Caviar",72,72,,https://amzn.to/3TjPjwF,https://www.macrobaby.com/products/maxi-cosi-ambra-infant-car-seat-caspian-caviar?_j=taylormadebabyco.com,yes,,,no,no,
Maxi-Cosi,Mico Luxe,Maxi-Cosi Mico Luxe,maxi-cosi-mico-luxe,INFANT,,CarSeat,yes,,yes,"Maxi-Cosi - Mico Luxe+ Infant Car Seat, Essential Green",111,111,,,https://www.macrobaby.com/products/maxi-cosi-mico-luxe-infant-car-seat-essential-green?_j=taylormadebabyco.com,yes,,,no,no,
Maxi-Cosi,Mico Pro,Maxi-Cosi Mico Pro,maxi-cosi-mico-pro,INFANT,,CarSeat,yes,,yes,Maxi-Cosi Mico Pro+ Infant Car Seat in Sea Shadow,109,109,https://babylist.pxf.io/c/6560395/1160375/13580?prodsku=2687825&u=https%3A%2F%2Fwww.babylist.com%2Fgp%2Fmaxi-cosi-mico-pro-infant-car-seat-8bdf76f7-1b69-47e7-89ac-325912aa274d%2F77692%2F2687825&intsrc=APIG_8981,,https://www.macrobaby.com/products/maxi-cosi-mico-pro-infant-car-seat-sea-drift?_j=taylormadebabyco.com,yes,,,no,no,
Maxi-Cosi,Mico XP,Maxi-Cosi Mico XP Max,cmry6pa5o001ovblfjcngmv5n,INFANT,,CarSeat,yes,,no,,23,23,,https://amzn.to/4pOQZu1,,yes,,,no,yes,
Maxi-Cosi,Peri 180,Maxi-Cosi Peri 180,maxi-cosi-peri,INFANT,,CarSeat,yes,,yes,Maxi-Cosi Peri 180 Rotating Infant Car Seat in Desert Wonder | 100% Recycled,106,106,https://babylist.pxf.io/c/6560395/1160375/13580?prodsku=1929883&u=https%3A%2F%2Fwww.babylist.com%2Fgp%2Fmaxi-cosi-peri-180-rotating-infant-car-seat%2F50590%2F1929883&intsrc=CATF_8981,,https://www.macrobaby.com/products/maxi-cosi-peri-180-rotating-infant-car-seat-desert-wonder?_j=taylormadebabyco.com,yes,,,no,no,
Nuna,PIPA Aire,Nuna PIPA Aire,nuna-pipa-lite-rx,INFANT,,CarSeat,yes,,yes,"Nuna - Pipa Aire Infant Car Seat, Biscotti",159,159,,,https://www.macrobaby.com/products/nuna-pipa-aire-infant-car-seat-biscotti?_j=taylormadebabyco.com,yes,,,yes,no,
Nuna,PIPA Aire rx,Nuna PIPA Aire rx,nuna-pipa-aire-rx,INFANT,,CarSeat,yes,,yes,"Nuna - PIPA Aire RX Infant Car Seat + PIPA RELX Base with Load Leg, Cedar",172,172,https://babylist.pxf.io/c/6560395/1160375/13580?prodsku=2116079&u=https%3A%2F%2Fwww.babylist.com%2Fgp%2Fnuna-pipa-aire-rx%2F46282%2F2116079&intsrc=CATF_8981,,https://www.macrobaby.com/products/nuna-pipa-aire-rx-infant-car-seat-cedar?_j=taylormadebabyco.com,yes,,,yes,no,
Nuna,PIPA RX,Nuna PIPA RX,nuna-pipa-rx,INFANT,,CarSeat,yes,,yes,"Nuna - PIPA RX Infant Car Seat + RELX Base with Load Leg, Caviar",171,171,https://babylist.pxf.io/c/6560395/1160375/13580?prodsku=310275&u=https%3A%2F%2Fwww.babylist.com%2Fgp%2Fnuna-pipa-rx%2F16140%2F310275&intsrc=CATF_8981,,https://www.macrobaby.com/products/nuna-pipa-rx-infant-car-seat-relx-base-with-load-leg-caviar?_j=taylormadebabyco.com,yes,,,yes,no,
Nuna,PIPA urbn,Nuna PIPA urbn,nuna-pipa-urbn,INFANT,,CarSeat,yes,,no,,173,173,,,,yes,,,yes,yes,
Orbit Baby,G5,Orbit Baby G5+,cmqx4qqdv000l3835x5pi9onc,INFANT,,CarSeat,yes,,yes,Orbit Baby G5 Infant Car Seat,2,2,,,https://www.macrobaby.com/products/orbit-baby-g5-rotating-infant-car-seat-melange-flax?_j=taylormadebabyco.com,yes,,,no,no,
Peg Perego,Primo Viaggio 4-35,Peg Perego Primo Viaggio 4-35,peg-perego-primo-viaggio-4-35,INFANT,,CarSeat,yes,,no,,10,10,https://babylist.pxf.io/c/6560395/1160375/13580?prodsku=2272334&u=https%3A%2F%2Fwww.babylist.com%2Fgp%2Fpeg-perego-peg-primo-viaggio-nido-rear-facing-infant-car-seat%2F68708%2F2272334&intsrc=APIG_8981,,,yes,,,no,yes,
Peg Perego,Primo Viaggio Lounge,Peg Perego Primo Viaggio Lounge,cmqx4qqg6000m3835m0yyofjb,INFANT,,CarSeat,yes,,no,,10,10,https://babylist.pxf.io/c/6560395/1160375/13580?prodsku=2272328&u=https%3A%2F%2Fwww.babylist.com%2Fgp%2Fpeg-perego-peg-primo-viaggio-lounge-reclining-rear-facing-infant-car-seat%2F68707%2F2272328&intsrc=CATF_8981,,,yes,,,no,yes,
Peg Perego,Primo Viaggio Nido,Peg Perego Primo Viaggio Nido,cmqx4qqif000n3835uubq8mpy,INFANT,,CarSeat,yes,,yes,Peg-Perego - Primo Viaggio Nido Infant Car Seat Astral,10,10,https://babylist.pxf.io/c/6560395/1160375/13580?prodsku=2272334&u=https%3A%2F%2Fwww.babylist.com%2Fgp%2Fpeg-perego-peg-primo-viaggio-nido-rear-facing-infant-car-seat%2F68708%2F2272334&intsrc=CATF_8981,,https://www.macrobaby.com/products/peg-perego-primo-viaggio-nido-infant-car-seat-astral?_j=taylormadebabyco.com,yes,,,no,no,
Romer,Juni,Romer Juni,cmqx4qqkp000o38351izn0hlv,INFANT,,CarSeat,yes,,yes,Romer Juni Infant Car Seat with Versa Base in Pearl | Recycled,1,1,https://babylist.pxf.io/c/6560395/1160375/13580?prodsku=2262750&u=https%3A%2F%2Fwww.babylist.com%2Fgp%2Fromer-juni-infant-car-seat-with-versa-base%2F68665%2F2262750&intsrc=CATF_8981,,https://www.macrobaby.com/products/britax-romer-juni-infant-car-seat-with-versa-base-secureloc-technology-luxury-cover-truffle?_j=taylormadebabyco.com,yes,,,no,no,
Safety 1st,onBoard FLX,Safety 1st onBoard FLX,cmqx4qqn2000p3835rq4c68z0,INFANT,,CarSeat,yes,,yes,Safety 1st onBoard FLX Infant Car Seat in Lake Blue 2,0,0,https://babylist.pxf.io/c/6560395/1160375/13580?prodsku=2794314&u=https%3A%2F%2Fwww.babylist.com%2Fgp%2Fsafety-1st-onboard-flx-infant-car-seat%2F78433%2F2794314&intsrc=CATF_8981,,,yes,,,no,no,
UPPAbaby,Aria,UPPAbaby Aria,uppababy-aria,INFANT,,CarSeat,yes,,yes,"Uppababy - Aria Infant Car Seat, Anthony (Light Grey)",44,44,,https://amzn.to/4gQgJE0,https://www.macrobaby.com/products/uppababy-aria-infant-car-seat-anthony-light-grey?_j=taylormadebabyco.com,yes,,,yes,no,
UPPAbaby,Aria V2,UPPAbaby Aria V2,uppababy-aria-v2,INFANT,,CarSeat,yes,,yes,"Uppababy Aria V2 Infant Car Seat Ada, Sandstone Melange | Chestnut Leather",47,47,https://babylist.pxf.io/c/6560395/1160375/13580?prodsku=2848459&u=https%3A%2F%2Fwww.babylist.com%2Fgp%2Fuppababy-aria-v2%2F75212%2F2848459&intsrc=CATF_8981,https://amzn.to/4gQgJE0,https://www.macrobaby.com/products/uppababy-aria-v2-infant-car-seat-ada-sandstone-melange-chestnut-leather?_j=taylormadebabyco.com,yes,,,yes,no,
UPPAbaby,Mesa V3,UPPAbaby Mesa V3,uppababy-mesa-v3,INFANT,,CarSeat,yes,,yes,UPPAbaby - Mesa V3 Infant Car Seat - Ada,48,48,https://babylist.pxf.io/c/6560395/1160375/13580?prodsku=2848462&u=https%3A%2F%2Fwww.babylist.com%2Fgp%2Fuppababy-mesa-v3%2F74913%2F2848462&intsrc=CATF_8981,https://amzn.to/4eJuQJX,https://www.macrobaby.com/products/uppababy-mesa-v3-infant-car-seat-ada?_j=taylormadebabyco.com,yes,,,yes,no,
