provider,retailer,brand,title,url_policy_status,audit_use,review_status,is_public,price,has_image,affiliate_url
awin_anbbaby,ANB Baby,Agio by Peg Perego,AGIO Car Seat Adapter For Z4 and YPSI Stroller,FALLBACK_RETAILER_NOT_USED,CATALOG_ONLY,AUTO_CATEGORIZED,false,49.99,True,https://www.awin1.com/cread.php?awinmid=75150&awinaffid=2588613&ued=https%3A%2F%2Fwww.anbbaby.com%2Fproducts%2Fpeg-perego-car-seat-adapter-for-ypsi%3Fvariant%3D31982217658454
awin_anbbaby,ANB Baby,Baby Jogger,BABY JOGGER Car Seat Adapter - Mounting Bracket - Single - For Chicco / Peg Perego,FALLBACK_RETAILER_NOT_USED,CATALOG_ONLY,AUTO_CATEGORIZED,false,79.99,True,https://www.awin1.com/cread.php?awinmid=75150&awinaffid=2588613&ued=https%3A%2F%2Fwww.anbbaby.com%2Fproducts%2Fcar-seat-adapter-single-multi%3Fvariant%3D16411856699492
awin_anbbaby,ANB Baby,Baby Jogger,Baby Jogger Chicco / Peg Perego Car Seat Adapter,FALLBACK_RETAILER_NOT_USED,CATALOG_ONLY,AUTO_CATEGORIZED,false,84.99,True,https://www.awin1.com/cread.php?awinmid=75150&awinaffid=2588613&ued=https%3A%2F%2Fwww.anbbaby.com%2Fproducts%2Fcar-seat-adapter-single-multi-model-city%3Fvariant%3D16412080701540
awin_anbbaby,ANB Baby,Baby Jogger,BABY JOGGER City Mini 2 / Mini GT2 Chicco / Peg Perego Car Seat Adapter - Jet - Black,FALLBACK_RETAILER_NOT_USED,CATALOG_ONLY,AUTO_CATEGORIZED,false,84.99,True,https://www.awin1.com/cread.php?awinmid=75150&awinaffid=2588613&ued=https%3A%2F%2Fwww.anbbaby.com%2Fproducts%2Fcity-mini-2-mini-gt2-chicco-peg-perego-car-seat-adapter%3Fvariant%3D49935881175326
awin_anbbaby,ANB Baby,BOB Gear,BOB Gear Single Jogging Stroller Adapter for Peg Perego Infant Car Seats - Gray -- Available End Of June,FALLBACK_RETAILER_NOT_USED,CATALOG_ONLY,AUTO_CATEGORIZED,false,79.99,True,https://www.awin1.com/cread.php?awinmid=75150&awinaffid=2588613&ued=https%3A%2F%2Fwww.anbbaby.com%2Fproducts%2Fbob-gear-single-jogging-stroller-adapter-for-peg-perego-infant-car-seats%3Fvariant%3D49994901979422
awin_anbbaby,ANB Baby,Bumbleride,Bumbleride Single Car Seat Adapter - Peg Perego,FALLBACK_RETAILER_NOT_USED,CATALOG_ONLY,AUTO_CATEGORIZED,false,49,True,https://www.awin1.com/cread.php?awinmid=75150&awinaffid=2588613&ued=https%3A%2F%2Fwww.anbbaby.com%2Fproducts%2Fbumbleride-single-car-seat-adapter-peg-perego%3Fvariant%3D33497797296214
awin_anbbaby,ANB Baby,Cybex,"Cybex Gazelle S Car Seat Adapter for Graco, Chicco, and Peg Perego",FALLBACK_RETAILER_NOT_USED,CATALOG_ONLY,AUTO_CATEGORIZED,false,79.95,True,https://www.awin1.com/cread.php?awinmid=75150&awinaffid=2588613&ued=https%3A%2F%2Fwww.anbbaby.com%2Fproducts%2Fcybex-gazelle-s-graco-chicco-peg-perego-adapter%3Fvariant%3D33374978408534
awin_anbbaby,ANB Baby,Peg Perego,Peg Perego PRIMO VIAGGIO Convertible Kinetic Car Seat - Licorice Black Eco-Leather,FALLBACK_RETAILER_NOT_USED,CATALOG_ONLY,NEEDS_REVIEW,false,449.99,True,https://www.awin1.com/cread.php?awinmid=75150&awinaffid=2588613&ued=https%3A%2F%2Fwww.anbbaby.com%2Fproducts%2Fprimo-viaggio-convertible-kinetic%3Fvariant%3D31376714989654
awin_anbbaby,ANB Baby,Peg Perego,Peg Perego PRIMO VIAGGIO Convertible Kinetic Car Seat - Mercury,FALLBACK_RETAILER_NOT_USED,CATALOG_ONLY,NEEDS_REVIEW,false,349.99,True,https://www.awin1.com/cread.php?awinmid=75150&awinaffid=2588613&ued=https%3A%2F%2Fwww.anbbaby.com%2Fproducts%2Fprimo-viaggio-convertible-kinetic%3Fvariant%3D49725436035358
awin_anbbaby,ANB Baby,Peg Perego,Peg Perego PRIMO VIAGGIO Convertible Kinetic Car Seat - Mon Amour Special Edition,FALLBACK_RETAILER_NOT_USED,CATALOG_ONLY,NEEDS_REVIEW,false,399.99,True,https://www.awin1.com/cread.php?awinmid=75150&awinaffid=2588613&ued=https%3A%2F%2Fwww.anbbaby.com%2Fproducts%2Fprimo-viaggio-convertible-kinetic%3Fvariant%3D31376714956886
awin_anbbaby,ANB Baby,Veer,Veer Cruiser Infant Car Seat Adapter - Peg Perego,FALLBACK_RETAILER_NOT_USED,CATALOG_ONLY,AUTO_CATEGORIZED,false,79,True,https://www.awin1.com/cread.php?awinmid=75150&awinaffid=2588613&ued=https%3A%2F%2Fwww.anbbaby.com%2Fproducts%2Fveer-cruiser-infant-car-seat-adapter%3Fvariant%3D39314573295702
babylist_impact,Babylist,Baby Jogger,Baby Jogger Chicco / Peg Perego Car Seat Adapter for City Mini 2 & City Mini GT2,BABYLIST_ALLOWED,CATALOG_ONLY,HIDDEN,false,84.99,True,https://babylist.pxf.io/c/6560395/1056628/13580?u=https%3A%2F%2Fwww.babylist.com%2Fgp%2Fbaby-jogger-chicco-peg-perego-car-seat-adapter-for-city-mini-2-city-mini-gt2%2F15103%2F219587&partnerpropertyid=7490466
babylist_impact,Babylist,Cybex,Cybex Gazelle S Infant Car Seat Adapter (Graco / Chicco / Peg Perego),BABYLIST_ALLOWED,CATALOG_ONLY,HIDDEN,false,79.95,True,https://babylist.pxf.io/c/6560395/1056628/13580?u=https%3A%2F%2Fwww.babylist.com%2Fgp%2Fcybex-gazelle-s-infant-car-seat-adapter%2F26553%2F851066&partnerpropertyid=7490466
babylist_impact,Babylist,Peg Perego,"Peg Perego Car Seat Adapter for Ypsi, Veloce & Vivace Strollers",BABYLIST_ALLOWED,USED_FOR_IKCS0018_NUNA_TRIGGER_ROWS,NEEDS_REVIEW,false,49.99,True,https://babylist.pxf.io/c/6560395/1160375/13580?prodsku=2428247&u=https%3A%2F%2Fwww.babylist.com%2Fgp%2Fpeg-perego-car-seat-adapter-for-ypsi-veloce-vivace-strollers%2F73090%2F2428247&intsrc=CATF_8981
babylist_impact,Babylist,Peg Perego,Peg Perego Double Adapters for Ypsi Stroller,BABYLIST_ALLOWED,CATALOG_ONLY,AUTO_CATEGORIZED,false,59.99,True,https://babylist.pxf.io/c/6560395/1160375/13580?prodsku=2428248&u=https%3A%2F%2Fwww.babylist.com%2Fgp%2Fpeg-perego-double-adapters-for-ypsi-stroller%2F73091%2F2428248&intsrc=CATF_8981
babylist_impact,Babylist,Peg Perego,Peg Perego PEG Primo Viaggio Lounge in Mon Amour,BABYLIST_ALLOWED,CATALOG_ONLY,AUTO_CATEGORIZED,false,499.99,True,https://babylist.pxf.io/c/6560395/1160375/13580?prodsku=2272328&u=https%3A%2F%2Fwww.babylist.com%2Fgp%2Fpeg-perego-peg-primo-viaggio-lounge-reclining-rear-facing-infant-car-seat%2F68707%2F2272328&intsrc=CATF_8981
babylist_impact,Babylist,Peg Perego,Peg Perego PEG Primo Viaggio Lounge in True Black,BABYLIST_ALLOWED,CATALOG_ONLY,AUTO_CATEGORIZED,false,499.99,True,https://babylist.pxf.io/c/6560395/1160375/13580?prodsku=2272330&u=https%3A%2F%2Fwww.babylist.com%2Fgp%2Fpeg-perego-peg-primo-viaggio-lounge-reclining-rear-facing-infant-car-seat%2F68707%2F2272330&intsrc=CATF_8981
babylist_impact,Babylist,Peg Perego,Peg Perego PEG Primo Viaggio Nido in Mon Amour,BABYLIST_ALLOWED,CATALOG_ONLY,AUTO_CATEGORIZED,false,449.99,True,https://babylist.pxf.io/c/6560395/1160375/13580?prodsku=2272334&u=https%3A%2F%2Fwww.babylist.com%2Fgp%2Fpeg-perego-peg-primo-viaggio-nido-rear-facing-infant-car-seat%2F68708%2F2272334&intsrc=CATF_8981
babylist_impact,Babylist,Peg Perego,Peg Perego PEG Primo Viaggio Nido in True Black,BABYLIST_ALLOWED,CATALOG_ONLY,AUTO_CATEGORIZED,false,449.99,True,https://babylist.pxf.io/c/6560395/1160375/13580?prodsku=2272333&u=https%3A%2F%2Fwww.babylist.com%2Fgp%2Fpeg-perego-peg-primo-viaggio-nido-rear-facing-infant-car-seat%2F68708%2F2272333&intsrc=CATF_8981
impact_goodbuygear,GoodBuyGear,PEG,"PEG Primo Viaggio Lounge Infant Car Seat, Mon Amour, 2025",FALLBACK_RETAILER_NOT_USED,CATALOG_ONLY,AUTO_CATEGORIZED,false,378.99,True,https://goodbuygear.pxf.io/c/6560395/3226197/40600?prodsku=43419664908391&u=https%3A%2F%2Fgoodbuygear.com%2Fproducts%2Fpeg-primo-viaggio-lounge-infant-car-seat-mon-amour-2025&intsrc=APIG_26298
manual_tmbc,Amazon,Peg Perego,Peg Perego City Loop Duo Adapter,AMAZON_ALLOWED,CATALOG_ONLY,AUTO_CATEGORIZED,false,,True,https://amzn.to/3R2u2ql
shopify_macrobaby,MacroBaby,Peg Perego,"Agio by Peg Perego Primo Viaggio Car Seat Adapter for Z4 Strollers, Black",FALLBACK_RETAILER_NOT_USED,CATALOG_ONLY,AUTO_CATEGORIZED,false,49.99,True,https://www.macrobaby.com/products/agio-by-peg-perego-primo-viaggio-car-seat-adapter-for-z4-strollers-black?_j=taylormadebabyco.com
shopify_macrobaby,MacroBaby,Baby Jogger,Baby Jogger Car Seat Adapter - Select/Premier - Chicco/Peg Perego,FALLBACK_RETAILER_NOT_USED,CATALOG_ONLY,AUTO_CATEGORIZED,false,79.99,True,https://www.macrobaby.com/products/baby-jogger-car-seat-adapter-select-premier-chicco-peg-perego?_j=taylormadebabyco.com
shopify_macrobaby,MacroBaby,Cybex,Cybex - Gold Gazelle S Stroller Car Seat Adapter for Graco/Chicco/Peg Perego,FALLBACK_RETAILER_NOT_USED,CATALOG_ONLY,AUTO_CATEGORIZED,false,79.95,True,https://www.macrobaby.com/products/cybex-gold-gazelle-s-stroller-car-seat-adapter-for-graco-chicco-peg-perego?_j=taylormadebabyco.com
shopify_macrobaby,MacroBaby,Peg Perego,Peg-Perego Agio - Ypsi/Z4 Double Adapter Upper & Lower Adapters,FALLBACK_RETAILER_NOT_USED,CATALOG_ONLY,AUTO_CATEGORIZED,false,59.99,True,https://www.macrobaby.com/products/peg-perego-agio-ypsi-z4-double-adapter-upper-lower-adapters?_j=taylormadebabyco.com
shopify_macrobaby,MacroBaby,Peg Perego,"Peg-Perego - City Loop Chassis, Black",FALLBACK_RETAILER_NOT_USED,CATALOG_ONLY,HIDDEN,false,249.99,True,https://www.macrobaby.com/products/peg-perego-city-loop-chassis-black?_j=taylormadebabyco.com
shopify_macrobaby,MacroBaby,Peg Perego,Peg-Perego - City Loop Full-Size Reversible Stroller,AUTHORIZED_RETAILER_FALLBACK_PUBLIC,PUBLIC_PRODUCT_FALLBACK,REVIEWED,true,,True,https://www.macrobaby.com/products/peg-perego-city-loop-full-size-reversible-stroller-vanilla-blend?_j=taylormadebabyco.com
shopify_macrobaby,MacroBaby,Peg Perego,Peg-Perego - Duo Adapter for City Loop Stroller,FALLBACK_RETAILER_NOT_USED,CATALOG_ONLY,HIDDEN,false,49.99,True,https://www.macrobaby.com/products/peg-perego-duo-adapter-for-city-loop-stroller?_j=taylormadebabyco.com
shopify_macrobaby,MacroBaby,Peg Perego,Peg Perego - Foldable Car Seat Adapter for City Loop,FALLBACK_RETAILER_NOT_USED,NOT_USED_MACROBABY_FALLBACK_HELD_BACK,HIDDEN,false,49.99,True,https://www.macrobaby.com/products/peg-perego-foldable-car-seat-adapter-for-city-loop?_j=taylormadebabyco.com
shopify_macrobaby,MacroBaby,Peg Perego,Peg-Perego - Primo Viaggio Nido Infant Car Seat Astral,FALLBACK_RETAILER_NOT_USED,CATALOG_ONLY,AUTO_CATEGORIZED,false,359.99,True,https://www.macrobaby.com/products/peg-perego-primo-viaggio-nido-infant-car-seat-astral?_j=taylormadebabyco.com
shopify_macrobaby,MacroBaby,Peg Perego,"Peg-Perego - Vivace Single Stroller, Mon Amour (Beige & Pink)",FALLBACK_RETAILER_NOT_USED,CATALOG_ONLY,HIDDEN,false,699.99,True,https://www.macrobaby.com/products/peg-perego-vivace-single-stroller-mon-amour-beige-pink?_j=taylormadebabyco.com
shopify_macrobaby,MacroBaby,Peg Perego,Peg Perego Vivace Stroller - Astral (Beige),FALLBACK_RETAILER_NOT_USED,CATALOG_ONLY,AUTO_CATEGORIZED,false,639.99,True,https://www.macrobaby.com/products/peg-perego-vivace-stroller-astral-beige?_j=taylormadebabyco.com
shopify_macrobaby,MacroBaby,Peg Perego,"Peg Perego - Volo Ultra Lightweight Carry On Compliant Travel Strolle, Mon Amour (Beige & Pink)",FALLBACK_RETAILER_NOT_USED,CATALOG_ONLY,HIDDEN,false,279.99,True,https://www.macrobaby.com/products/peg-perego-volo-ultra-lightweight-carry-on-compliant-travel-strolle-mon-amour-beige-pink?_j=taylormadebabyco.com
shopify_macrobaby,MacroBaby,Peg Perego,"Peg Perego Volo, Ultra Lightweight Carry On Compliant Travel Stroller, Adjustable Features & Reclining Seat - Designed for Everyday Comfort from Ne",FALLBACK_RETAILER_NOT_USED,CATALOG_ONLY,HIDDEN,false,279.99,True,https://www.macrobaby.com/products/peg-perego-volo-ultra-lightweight-carry-on-compliant-travel-stroller-adjustable-features-reclining-seat-designed-for-everyday-comfort-from-ne?_j=taylormadebabyco.com
shopify_macrobaby,MacroBaby,Peg Perego,"Peg Perego - Volo, Ultra Lightweight Carry On Compliant Travel Stroller, Blue Shine (Blue & Copper)",FALLBACK_RETAILER_NOT_USED,CATALOG_ONLY,AUTO_CATEGORIZED,false,279.99,True,https://www.macrobaby.com/products/peg-perego-volo-ultra-lightweight-carry-on-compliant-travel-stroller-blue-shine-blue-copper?_j=taylormadebabyco.com
shopify_macrobaby,MacroBaby,Peg Perego,"Peg-Perego - Volo Ultra Lightweight Carry On Compliant Travel Stroller, Misty Beige (Light Greige)",FALLBACK_RETAILER_NOT_USED,CATALOG_ONLY,HIDDEN,false,279.99,True,https://www.macrobaby.com/products/peg-perego-volo-ultra-lightweight-carry-on-compliant-travel-stroller-misty-beige-light-greige?_j=taylormadebabyco.com
shopify_macrobaby,MacroBaby,Peg Perego,"Peg Perego Volo Ultra Lightweight Carry On Compliant Travel Stroller, True Black",AUTHORIZED_RETAILER_FALLBACK_PUBLIC,PUBLIC_PRODUCT_FALLBACK,REVIEWED,true,279.99,True,https://www.macrobaby.com/products/peg-perego-volo-ultra-lightweight-carry-on-compliant-travel-stroller-true-black-black?_j=taylormadebabyco.com
shopify_macrobaby,MacroBaby,Peg Perego,"Peg Perego Ypsi – Compact Single to Double Stroller, Vanilla Blend (Black/Cream)",FALLBACK_RETAILER_NOT_USED,CATALOG_ONLY,HIDDEN,false,719.99,True,https://www.macrobaby.com/products/peg-perego-ypsi-compact-single-to-double-stroller-vanilla-blend-black-cream?_j=taylormadebabyco.com
shopify_macrobaby,MacroBaby,Peg Perego,Peg Perego Ypsi Single to Double Stroller – Metal (Sage Green),FALLBACK_RETAILER_NOT_USED,CATALOG_ONLY,HIDDEN,false,719.99,True,https://www.macrobaby.com/products/peg-perego-ypsi-new-2025-compact-single-to-double-stroller-compatible-with-all-primo-viaggio-infant-car-seats-ypsi-bassinets-made-in-italy?_j=taylormadebabyco.com
shopify_macrobaby,MacroBaby,Peg Perego,"Peg-Perego Ypsi Single to Double Stroller, True Black",FALLBACK_RETAILER_NOT_USED,CATALOG_ONLY,AUTO_CATEGORIZED,false,719.99,True,https://www.macrobaby.com/products/peg-perego-ypsi-new-single-to-double-stroller-true-black-black?_j=taylormadebabyco.com
