stroller,car_seat_brand,car_seat_model,adapter_sku,seat_group,pair_type
Wayfinder,BOB Gear,Champ,S14664700,Newer Britax/Champ/Juni,EXACT_SOURCE_PAIR
Alterrain Pro,BOB Gear,Champ,S943900,Newer Britax/Champ/Juni,EXACT_SOURCE_PAIR
Alterrain,BOB Gear,Champ,S943900,Newer Britax/Champ/Juni,EXACT_SOURCE_PAIR
Revolution Flex 2016+/2.0/3.0,BOB Gear,Champ,S943900,Newer Britax/Champ/Juni,EXACT_SOURCE_PAIR
Revolution Pro 2016+,BOB Gear,Champ,S943900,Newer Britax/Champ/Juni,EXACT_SOURCE_PAIR
Stroller Strides 2016+,BOB Gear,Champ,S943900,Newer Britax/Champ/Juni,EXACT_SOURCE_PAIR
Rambler,BOB Gear,Champ,S943900,Newer Britax/Champ/Juni,EXACT_SOURCE_PAIR
Renegade Wagon,BOB Gear,Champ,S14685500,Newer Britax/Champ/Juni,EXACT_SOURCE_PAIR
Wayfinder,Britax,Willow,S14664700,Newer Britax/Champ/Juni,EXACT_SOURCE_PAIR
Alterrain Pro,Britax,Willow,S943900,Newer Britax/Champ/Juni,EXACT_SOURCE_PAIR
Alterrain,Britax,Willow,S943900,Newer Britax/Champ/Juni,EXACT_SOURCE_PAIR
Revolution Flex 2016+/2.0/3.0,Britax,Willow,S943900,Newer Britax/Champ/Juni,EXACT_SOURCE_PAIR
Revolution Pro 2016+,Britax,Willow,S943900,Newer Britax/Champ/Juni,EXACT_SOURCE_PAIR
Stroller Strides 2016+,Britax,Willow,S943900,Newer Britax/Champ/Juni,EXACT_SOURCE_PAIR
Rambler,Britax,Willow,S943900,Newer Britax/Champ/Juni,EXACT_SOURCE_PAIR
Renegade Wagon,Britax,Willow,S14685500,Newer Britax/Champ/Juni,EXACT_SOURCE_PAIR
Wayfinder,Britax,Willow S,S14664700,Newer Britax/Champ/Juni,EXACT_SOURCE_PAIR
Alterrain Pro,Britax,Willow S,S943900,Newer Britax/Champ/Juni,EXACT_SOURCE_PAIR
Alterrain,Britax,Willow S,S943900,Newer Britax/Champ/Juni,EXACT_SOURCE_PAIR
Revolution Flex 2016+/2.0/3.0,Britax,Willow S,S943900,Newer Britax/Champ/Juni,EXACT_SOURCE_PAIR
Revolution Pro 2016+,Britax,Willow S,S943900,Newer Britax/Champ/Juni,EXACT_SOURCE_PAIR
Stroller Strides 2016+,Britax,Willow S,S943900,Newer Britax/Champ/Juni,EXACT_SOURCE_PAIR
Rambler,Britax,Willow S,S943900,Newer Britax/Champ/Juni,EXACT_SOURCE_PAIR
Renegade Wagon,Britax,Willow S,S14685500,Newer Britax/Champ/Juni,EXACT_SOURCE_PAIR
Wayfinder,Britax,Willow SC,S14664700,Newer Britax/Champ/Juni,EXACT_SOURCE_PAIR
Alterrain Pro,Britax,Willow SC,S943900,Newer Britax/Champ/Juni,EXACT_SOURCE_PAIR
Alterrain,Britax,Willow SC,S943900,Newer Britax/Champ/Juni,EXACT_SOURCE_PAIR
Revolution Flex 2016+/2.0/3.0,Britax,Willow SC,S943900,Newer Britax/Champ/Juni,EXACT_SOURCE_PAIR
Revolution Pro 2016+,Britax,Willow SC,S943900,Newer Britax/Champ/Juni,EXACT_SOURCE_PAIR
Stroller Strides 2016+,Britax,Willow SC,S943900,Newer Britax/Champ/Juni,EXACT_SOURCE_PAIR
Rambler,Britax,Willow SC,S943900,Newer Britax/Champ/Juni,EXACT_SOURCE_PAIR
Renegade Wagon,Britax,Willow SC,S14685500,Newer Britax/Champ/Juni,EXACT_SOURCE_PAIR
Wayfinder,Britax,Cypress,S14664700,Newer Britax/Champ/Juni,EXACT_SOURCE_PAIR
Alterrain Pro,Britax,Cypress,S943900,Newer Britax/Champ/Juni,EXACT_SOURCE_PAIR
Alterrain,Britax,Cypress,S943900,Newer Britax/Champ/Juni,EXACT_SOURCE_PAIR
Revolution Flex 2016+/2.0/3.0,Britax,Cypress,S943900,Newer Britax/Champ/Juni,EXACT_SOURCE_PAIR
Revolution Pro 2016+,Britax,Cypress,S943900,Newer Britax/Champ/Juni,EXACT_SOURCE_PAIR
Stroller Strides 2016+,Britax,Cypress,S943900,Newer Britax/Champ/Juni,EXACT_SOURCE_PAIR
Rambler,Britax,Cypress,S943900,Newer Britax/Champ/Juni,EXACT_SOURCE_PAIR
Renegade Wagon,Britax,Cypress,S14685500,Newer Britax/Champ/Juni,EXACT_SOURCE_PAIR
Wayfinder,Romer,Juni,S14664700,Newer Britax/Champ/Juni,EXACT_SOURCE_PAIR
Alterrain Pro,Romer,Juni,S943900,Newer Britax/Champ/Juni,EXACT_SOURCE_PAIR
Alterrain,Romer,Juni,S943900,Newer Britax/Champ/Juni,EXACT_SOURCE_PAIR
Revolution Flex 2016+/2.0/3.0,Romer,Juni,S943900,Newer Britax/Champ/Juni,EXACT_SOURCE_PAIR
Revolution Pro 2016+,Romer,Juni,S943900,Newer Britax/Champ/Juni,EXACT_SOURCE_PAIR
Stroller Strides 2016+,Romer,Juni,S943900,Newer Britax/Champ/Juni,EXACT_SOURCE_PAIR
Rambler,Romer,Juni,S943900,Newer Britax/Champ/Juni,EXACT_SOURCE_PAIR
Renegade Wagon,Romer,Juni,S14685500,Newer Britax/Champ/Juni,EXACT_SOURCE_PAIR
Alterrain Pro,Britax,B-Safe 35,S12045300,Britax B-Safe legacy,EXACT_SOURCE_PAIR
Alterrain,Britax,B-Safe 35,S12045300,Britax B-Safe legacy,EXACT_SOURCE_PAIR
Revolution Flex 2016+/2.0/3.0,Britax,B-Safe 35,S12045300,Britax B-Safe legacy,EXACT_SOURCE_PAIR
Revolution Pro 2016+,Britax,B-Safe 35,S12045300,Britax B-Safe legacy,EXACT_SOURCE_PAIR
Stroller Strides 2016+,Britax,B-Safe 35,S12045300,Britax B-Safe legacy,EXACT_SOURCE_PAIR
Rambler,Britax,B-Safe 35,S12045300,Britax B-Safe legacy,EXACT_SOURCE_PAIR
Blaze,Britax,B-Safe 35,S12045300,Britax B-Safe legacy,EXACT_SOURCE_PAIR
Ironman,Britax,B-Safe 35,S12045300,Britax B-Safe legacy,EXACT_SOURCE_PAIR
Sports Utility,Britax,B-Safe 35,S12045300,Britax B-Safe legacy,EXACT_SOURCE_PAIR
Alterrain Pro,Britax,B-Safe 35 Elite,S12045300,Britax B-Safe legacy,EXACT_SOURCE_PAIR
Alterrain,Britax,B-Safe 35 Elite,S12045300,Britax B-Safe legacy,EXACT_SOURCE_PAIR
Revolution Flex 2016+/2.0/3.0,Britax,B-Safe 35 Elite,S12045300,Britax B-Safe legacy,EXACT_SOURCE_PAIR
Revolution Pro 2016+,Britax,B-Safe 35 Elite,S12045300,Britax B-Safe legacy,EXACT_SOURCE_PAIR
Stroller Strides 2016+,Britax,B-Safe 35 Elite,S12045300,Britax B-Safe legacy,EXACT_SOURCE_PAIR
Rambler,Britax,B-Safe 35 Elite,S12045300,Britax B-Safe legacy,EXACT_SOURCE_PAIR
Blaze,Britax,B-Safe 35 Elite,S12045300,Britax B-Safe legacy,EXACT_SOURCE_PAIR
Ironman,Britax,B-Safe 35 Elite,S12045300,Britax B-Safe legacy,EXACT_SOURCE_PAIR
Sports Utility,Britax,B-Safe 35 Elite,S12045300,Britax B-Safe legacy,EXACT_SOURCE_PAIR
Alterrain Pro,Britax,B-Safe Ultra,S12045300,Britax B-Safe legacy,EXACT_SOURCE_PAIR
Alterrain,Britax,B-Safe Ultra,S12045300,Britax B-Safe legacy,EXACT_SOURCE_PAIR
Revolution Flex 2016+/2.0/3.0,Britax,B-Safe Ultra,S12045300,Britax B-Safe legacy,EXACT_SOURCE_PAIR
Revolution Pro 2016+,Britax,B-Safe Ultra,S12045300,Britax B-Safe legacy,EXACT_SOURCE_PAIR
Stroller Strides 2016+,Britax,B-Safe Ultra,S12045300,Britax B-Safe legacy,EXACT_SOURCE_PAIR
Rambler,Britax,B-Safe Ultra,S12045300,Britax B-Safe legacy,EXACT_SOURCE_PAIR
Blaze,Britax,B-Safe Ultra,S12045300,Britax B-Safe legacy,EXACT_SOURCE_PAIR
Ironman,Britax,B-Safe Ultra,S12045300,Britax B-Safe legacy,EXACT_SOURCE_PAIR
Sports Utility,Britax,B-Safe Ultra,S12045300,Britax B-Safe legacy,EXACT_SOURCE_PAIR
Alterrain Pro,Britax,Endeavours,S12045300,Britax B-Safe legacy,EXACT_SOURCE_PAIR
Alterrain,Britax,Endeavours,S12045300,Britax B-Safe legacy,EXACT_SOURCE_PAIR
Revolution Flex 2016+/2.0/3.0,Britax,Endeavours,S12045300,Britax B-Safe legacy,EXACT_SOURCE_PAIR
Revolution Pro 2016+,Britax,Endeavours,S12045300,Britax B-Safe legacy,EXACT_SOURCE_PAIR
Stroller Strides 2016+,Britax,Endeavours,S12045300,Britax B-Safe legacy,EXACT_SOURCE_PAIR
Rambler,Britax,Endeavours,S12045300,Britax B-Safe legacy,EXACT_SOURCE_PAIR
Blaze,Britax,Endeavours,S12045300,Britax B-Safe legacy,EXACT_SOURCE_PAIR
Ironman,Britax,Endeavours,S12045300,Britax B-Safe legacy,EXACT_SOURCE_PAIR
Sports Utility,Britax,Endeavours,S12045300,Britax B-Safe legacy,EXACT_SOURCE_PAIR
Alterrain Pro,Britax,B-Safe Gen2,S12045300,Britax B-Safe legacy,EXACT_SOURCE_PAIR
Alterrain,Britax,B-Safe Gen2,S12045300,Britax B-Safe legacy,EXACT_SOURCE_PAIR
Revolution Flex 2016+/2.0/3.0,Britax,B-Safe Gen2,S12045300,Britax B-Safe legacy,EXACT_SOURCE_PAIR
Revolution Pro 2016+,Britax,B-Safe Gen2,S12045300,Britax B-Safe legacy,EXACT_SOURCE_PAIR
Stroller Strides 2016+,Britax,B-Safe Gen2,S12045300,Britax B-Safe legacy,EXACT_SOURCE_PAIR
Rambler,Britax,B-Safe Gen2,S12045300,Britax B-Safe legacy,EXACT_SOURCE_PAIR
Blaze,Britax,B-Safe Gen2,S12045300,Britax B-Safe legacy,EXACT_SOURCE_PAIR
Ironman,Britax,B-Safe Gen2,S12045300,Britax B-Safe legacy,EXACT_SOURCE_PAIR
Sports Utility,Britax,B-Safe Gen2,S12045300,Britax B-Safe legacy,EXACT_SOURCE_PAIR
Alterrain Pro,Britax,B-Safe Gen2 FlexFit,S12045300,Britax B-Safe legacy,EXACT_SOURCE_PAIR
Alterrain,Britax,B-Safe Gen2 FlexFit,S12045300,Britax B-Safe legacy,EXACT_SOURCE_PAIR
Revolution Flex 2016+/2.0/3.0,Britax,B-Safe Gen2 FlexFit,S12045300,Britax B-Safe legacy,EXACT_SOURCE_PAIR
Revolution Pro 2016+,Britax,B-Safe Gen2 FlexFit,S12045300,Britax B-Safe legacy,EXACT_SOURCE_PAIR
Stroller Strides 2016+,Britax,B-Safe Gen2 FlexFit,S12045300,Britax B-Safe legacy,EXACT_SOURCE_PAIR
Rambler,Britax,B-Safe Gen2 FlexFit,S12045300,Britax B-Safe legacy,EXACT_SOURCE_PAIR
Blaze,Britax,B-Safe Gen2 FlexFit,S12045300,Britax B-Safe legacy,EXACT_SOURCE_PAIR
Ironman,Britax,B-Safe Gen2 FlexFit,S12045300,Britax B-Safe legacy,EXACT_SOURCE_PAIR
Sports Utility,Britax,B-Safe Gen2 FlexFit,S12045300,Britax B-Safe legacy,EXACT_SOURCE_PAIR
Alterrain Pro,Britax,B-Safe Gen2 FlexFit Plus,S12045300,Britax B-Safe legacy,EXACT_SOURCE_PAIR
Alterrain,Britax,B-Safe Gen2 FlexFit Plus,S12045300,Britax B-Safe legacy,EXACT_SOURCE_PAIR
Revolution Flex 2016+/2.0/3.0,Britax,B-Safe Gen2 FlexFit Plus,S12045300,Britax B-Safe legacy,EXACT_SOURCE_PAIR
Revolution Pro 2016+,Britax,B-Safe Gen2 FlexFit Plus,S12045300,Britax B-Safe legacy,EXACT_SOURCE_PAIR
Stroller Strides 2016+,Britax,B-Safe Gen2 FlexFit Plus,S12045300,Britax B-Safe legacy,EXACT_SOURCE_PAIR
Rambler,Britax,B-Safe Gen2 FlexFit Plus,S12045300,Britax B-Safe legacy,EXACT_SOURCE_PAIR
Blaze,Britax,B-Safe Gen2 FlexFit Plus,S12045300,Britax B-Safe legacy,EXACT_SOURCE_PAIR
Ironman,Britax,B-Safe Gen2 FlexFit Plus,S12045300,Britax B-Safe legacy,EXACT_SOURCE_PAIR
Sports Utility,Britax,B-Safe Gen2 FlexFit Plus,S12045300,Britax B-Safe legacy,EXACT_SOURCE_PAIR
Alterrain Pro,Graco,Snug Ride 35 Elite,S12045400,Graco SnugRide,EXACT_SOURCE_PAIR
Alterrain,Graco,Snug Ride 35 Elite,S12045400,Graco SnugRide,EXACT_SOURCE_PAIR
Revolution Flex 2016+/2.0/3.0,Graco,Snug Ride 35 Elite,S12045400,Graco SnugRide,EXACT_SOURCE_PAIR
Revolution Pro 2016+,Graco,Snug Ride 35 Elite,S12045400,Graco SnugRide,EXACT_SOURCE_PAIR
Stroller Strides 2016+,Graco,Snug Ride 35 Elite,S12045400,Graco SnugRide,EXACT_SOURCE_PAIR
Rambler,Graco,Snug Ride 35 Elite,S12045400,Graco SnugRide,EXACT_SOURCE_PAIR
Blaze,Graco,Snug Ride 35 Elite,S12045400,Graco SnugRide,EXACT_SOURCE_PAIR
Ironman,Graco,Snug Ride 35 Elite,S12045400,Graco SnugRide,EXACT_SOURCE_PAIR
Sports Utility,Graco,Snug Ride 35 Elite,S12045400,Graco SnugRide,EXACT_SOURCE_PAIR
Alterrain Pro,Graco,Snug Ride 35 LX,S12045400,Graco SnugRide,EXACT_SOURCE_PAIR
Alterrain,Graco,Snug Ride 35 LX,S12045400,Graco SnugRide,EXACT_SOURCE_PAIR
Revolution Flex 2016+/2.0/3.0,Graco,Snug Ride 35 LX,S12045400,Graco SnugRide,EXACT_SOURCE_PAIR
Revolution Pro 2016+,Graco,Snug Ride 35 LX,S12045400,Graco SnugRide,EXACT_SOURCE_PAIR
Stroller Strides 2016+,Graco,Snug Ride 35 LX,S12045400,Graco SnugRide,EXACT_SOURCE_PAIR
Rambler,Graco,Snug Ride 35 LX,S12045400,Graco SnugRide,EXACT_SOURCE_PAIR
Blaze,Graco,Snug Ride 35 LX,S12045400,Graco SnugRide,EXACT_SOURCE_PAIR
Ironman,Graco,Snug Ride 35 LX,S12045400,Graco SnugRide,EXACT_SOURCE_PAIR
Sports Utility,Graco,Snug Ride 35 LX,S12045400,Graco SnugRide,EXACT_SOURCE_PAIR
Alterrain Pro,Graco,Snug Ride 35 Platinum,S12045400,Graco SnugRide,EXACT_SOURCE_PAIR
Alterrain,Graco,Snug Ride 35 Platinum,S12045400,Graco SnugRide,EXACT_SOURCE_PAIR
Revolution Flex 2016+/2.0/3.0,Graco,Snug Ride 35 Platinum,S12045400,Graco SnugRide,EXACT_SOURCE_PAIR
Revolution Pro 2016+,Graco,Snug Ride 35 Platinum,S12045400,Graco SnugRide,EXACT_SOURCE_PAIR
Stroller Strides 2016+,Graco,Snug Ride 35 Platinum,S12045400,Graco SnugRide,EXACT_SOURCE_PAIR
Rambler,Graco,Snug Ride 35 Platinum,S12045400,Graco SnugRide,EXACT_SOURCE_PAIR
Blaze,Graco,Snug Ride 35 Platinum,S12045400,Graco SnugRide,EXACT_SOURCE_PAIR
Ironman,Graco,Snug Ride 35 Platinum,S12045400,Graco SnugRide,EXACT_SOURCE_PAIR
Sports Utility,Graco,Snug Ride 35 Platinum,S12045400,Graco SnugRide,EXACT_SOURCE_PAIR
Alterrain Pro,Graco,Snug Ride Click Connect 30,S12045400,Graco SnugRide,EXACT_SOURCE_PAIR
Alterrain,Graco,Snug Ride Click Connect 30,S12045400,Graco SnugRide,EXACT_SOURCE_PAIR
Revolution Flex 2016+/2.0/3.0,Graco,Snug Ride Click Connect 30,S12045400,Graco SnugRide,EXACT_SOURCE_PAIR
Revolution Pro 2016+,Graco,Snug Ride Click Connect 30,S12045400,Graco SnugRide,EXACT_SOURCE_PAIR
Stroller Strides 2016+,Graco,Snug Ride Click Connect 30,S12045400,Graco SnugRide,EXACT_SOURCE_PAIR
Rambler,Graco,Snug Ride Click Connect 30,S12045400,Graco SnugRide,EXACT_SOURCE_PAIR
Blaze,Graco,Snug Ride Click Connect 30,S12045400,Graco SnugRide,EXACT_SOURCE_PAIR
Ironman,Graco,Snug Ride Click Connect 30,S12045400,Graco SnugRide,EXACT_SOURCE_PAIR
Sports Utility,Graco,Snug Ride Click Connect 30,S12045400,Graco SnugRide,EXACT_SOURCE_PAIR
Alterrain Pro,Graco,Snug Ride Click Connect 30 LX,S12045400,Graco SnugRide,EXACT_SOURCE_PAIR
Alterrain,Graco,Snug Ride Click Connect 30 LX,S12045400,Graco SnugRide,EXACT_SOURCE_PAIR
Revolution Flex 2016+/2.0/3.0,Graco,Snug Ride Click Connect 30 LX,S12045400,Graco SnugRide,EXACT_SOURCE_PAIR
Revolution Pro 2016+,Graco,Snug Ride Click Connect 30 LX,S12045400,Graco SnugRide,EXACT_SOURCE_PAIR
Stroller Strides 2016+,Graco,Snug Ride Click Connect 30 LX,S12045400,Graco SnugRide,EXACT_SOURCE_PAIR
Rambler,Graco,Snug Ride Click Connect 30 LX,S12045400,Graco SnugRide,EXACT_SOURCE_PAIR
Blaze,Graco,Snug Ride Click Connect 30 LX,S12045400,Graco SnugRide,EXACT_SOURCE_PAIR
Ironman,Graco,Snug Ride Click Connect 30 LX,S12045400,Graco SnugRide,EXACT_SOURCE_PAIR
Sports Utility,Graco,Snug Ride Click Connect 30 LX,S12045400,Graco SnugRide,EXACT_SOURCE_PAIR
Alterrain Pro,Graco,Snug Ride Click Connect 35,S12045400,Graco SnugRide,EXACT_SOURCE_PAIR
Alterrain,Graco,Snug Ride Click Connect 35,S12045400,Graco SnugRide,EXACT_SOURCE_PAIR
Revolution Flex 2016+/2.0/3.0,Graco,Snug Ride Click Connect 35,S12045400,Graco SnugRide,EXACT_SOURCE_PAIR
Revolution Pro 2016+,Graco,Snug Ride Click Connect 35,S12045400,Graco SnugRide,EXACT_SOURCE_PAIR
Stroller Strides 2016+,Graco,Snug Ride Click Connect 35,S12045400,Graco SnugRide,EXACT_SOURCE_PAIR
Rambler,Graco,Snug Ride Click Connect 35,S12045400,Graco SnugRide,EXACT_SOURCE_PAIR
Blaze,Graco,Snug Ride Click Connect 35,S12045400,Graco SnugRide,EXACT_SOURCE_PAIR
Ironman,Graco,Snug Ride Click Connect 35,S12045400,Graco SnugRide,EXACT_SOURCE_PAIR
Sports Utility,Graco,Snug Ride Click Connect 35,S12045400,Graco SnugRide,EXACT_SOURCE_PAIR
Alterrain Pro,Graco,Snug Ride Click Connect 35 LX,S12045400,Graco SnugRide,EXACT_SOURCE_PAIR
Alterrain,Graco,Snug Ride Click Connect 35 LX,S12045400,Graco SnugRide,EXACT_SOURCE_PAIR
Revolution Flex 2016+/2.0/3.0,Graco,Snug Ride Click Connect 35 LX,S12045400,Graco SnugRide,EXACT_SOURCE_PAIR
Revolution Pro 2016+,Graco,Snug Ride Click Connect 35 LX,S12045400,Graco SnugRide,EXACT_SOURCE_PAIR
Stroller Strides 2016+,Graco,Snug Ride Click Connect 35 LX,S12045400,Graco SnugRide,EXACT_SOURCE_PAIR
Rambler,Graco,Snug Ride Click Connect 35 LX,S12045400,Graco SnugRide,EXACT_SOURCE_PAIR
Blaze,Graco,Snug Ride Click Connect 35 LX,S12045400,Graco SnugRide,EXACT_SOURCE_PAIR
Ironman,Graco,Snug Ride Click Connect 35 LX,S12045400,Graco SnugRide,EXACT_SOURCE_PAIR
Sports Utility,Graco,Snug Ride Click Connect 35 LX,S12045400,Graco SnugRide,EXACT_SOURCE_PAIR
Alterrain Pro,Graco,Snug Ride Click Connect 4,S12045400,Graco SnugRide,EXACT_SOURCE_PAIR
Alterrain,Graco,Snug Ride Click Connect 4,S12045400,Graco SnugRide,EXACT_SOURCE_PAIR
Revolution Flex 2016+/2.0/3.0,Graco,Snug Ride Click Connect 4,S12045400,Graco SnugRide,EXACT_SOURCE_PAIR
Revolution Pro 2016+,Graco,Snug Ride Click Connect 4,S12045400,Graco SnugRide,EXACT_SOURCE_PAIR
Stroller Strides 2016+,Graco,Snug Ride Click Connect 4,S12045400,Graco SnugRide,EXACT_SOURCE_PAIR
Rambler,Graco,Snug Ride Click Connect 4,S12045400,Graco SnugRide,EXACT_SOURCE_PAIR
Blaze,Graco,Snug Ride Click Connect 4,S12045400,Graco SnugRide,EXACT_SOURCE_PAIR
Ironman,Graco,Snug Ride Click Connect 4,S12045400,Graco SnugRide,EXACT_SOURCE_PAIR
Sports Utility,Graco,Snug Ride Click Connect 4,S12045400,Graco SnugRide,EXACT_SOURCE_PAIR
Alterrain Pro,Graco,Snug Ride Snug Lock 30,S12045400,Graco SnugRide,EXACT_SOURCE_PAIR
Alterrain,Graco,Snug Ride Snug Lock 30,S12045400,Graco SnugRide,EXACT_SOURCE_PAIR
Revolution Flex 2016+/2.0/3.0,Graco,Snug Ride Snug Lock 30,S12045400,Graco SnugRide,EXACT_SOURCE_PAIR
Revolution Pro 2016+,Graco,Snug Ride Snug Lock 30,S12045400,Graco SnugRide,EXACT_SOURCE_PAIR
Stroller Strides 2016+,Graco,Snug Ride Snug Lock 30,S12045400,Graco SnugRide,EXACT_SOURCE_PAIR
Rambler,Graco,Snug Ride Snug Lock 30,S12045400,Graco SnugRide,EXACT_SOURCE_PAIR
Blaze,Graco,Snug Ride Snug Lock 30,S12045400,Graco SnugRide,EXACT_SOURCE_PAIR
Ironman,Graco,Snug Ride Snug Lock 30,S12045400,Graco SnugRide,EXACT_SOURCE_PAIR
Sports Utility,Graco,Snug Ride Snug Lock 30,S12045400,Graco SnugRide,EXACT_SOURCE_PAIR
Alterrain Pro,Graco,Snug Ride Snug Lock 35,S12045400,Graco SnugRide,EXACT_SOURCE_PAIR
Alterrain,Graco,Snug Ride Snug Lock 35,S12045400,Graco SnugRide,EXACT_SOURCE_PAIR
Revolution Flex 2016+/2.0/3.0,Graco,Snug Ride Snug Lock 35,S12045400,Graco SnugRide,EXACT_SOURCE_PAIR
Revolution Pro 2016+,Graco,Snug Ride Snug Lock 35,S12045400,Graco SnugRide,EXACT_SOURCE_PAIR
Stroller Strides 2016+,Graco,Snug Ride Snug Lock 35,S12045400,Graco SnugRide,EXACT_SOURCE_PAIR
Rambler,Graco,Snug Ride Snug Lock 35,S12045400,Graco SnugRide,EXACT_SOURCE_PAIR
Blaze,Graco,Snug Ride Snug Lock 35,S12045400,Graco SnugRide,EXACT_SOURCE_PAIR
Ironman,Graco,Snug Ride Snug Lock 35,S12045400,Graco SnugRide,EXACT_SOURCE_PAIR
Sports Utility,Graco,Snug Ride Snug Lock 35,S12045400,Graco SnugRide,EXACT_SOURCE_PAIR
Alterrain Pro,Graco,Snug Ride Snug Lock 35 DLX,S12045400,Graco SnugRide,EXACT_SOURCE_PAIR
Alterrain,Graco,Snug Ride Snug Lock 35 DLX,S12045400,Graco SnugRide,EXACT_SOURCE_PAIR
Revolution Flex 2016+/2.0/3.0,Graco,Snug Ride Snug Lock 35 DLX,S12045400,Graco SnugRide,EXACT_SOURCE_PAIR
Revolution Pro 2016+,Graco,Snug Ride Snug Lock 35 DLX,S12045400,Graco SnugRide,EXACT_SOURCE_PAIR
Stroller Strides 2016+,Graco,Snug Ride Snug Lock 35 DLX,S12045400,Graco SnugRide,EXACT_SOURCE_PAIR
Rambler,Graco,Snug Ride Snug Lock 35 DLX,S12045400,Graco SnugRide,EXACT_SOURCE_PAIR
Blaze,Graco,Snug Ride Snug Lock 35 DLX,S12045400,Graco SnugRide,EXACT_SOURCE_PAIR
Ironman,Graco,Snug Ride Snug Lock 35 DLX,S12045400,Graco SnugRide,EXACT_SOURCE_PAIR
Sports Utility,Graco,Snug Ride Snug Lock 35 DLX,S12045400,Graco SnugRide,EXACT_SOURCE_PAIR
Alterrain Pro,Graco,Snug Ride Snug Lock 35 Elite,S12045400,Graco SnugRide,EXACT_SOURCE_PAIR
Alterrain,Graco,Snug Ride Snug Lock 35 Elite,S12045400,Graco SnugRide,EXACT_SOURCE_PAIR
Revolution Flex 2016+/2.0/3.0,Graco,Snug Ride Snug Lock 35 Elite,S12045400,Graco SnugRide,EXACT_SOURCE_PAIR
Revolution Pro 2016+,Graco,Snug Ride Snug Lock 35 Elite,S12045400,Graco SnugRide,EXACT_SOURCE_PAIR
Stroller Strides 2016+,Graco,Snug Ride Snug Lock 35 Elite,S12045400,Graco SnugRide,EXACT_SOURCE_PAIR
Rambler,Graco,Snug Ride Snug Lock 35 Elite,S12045400,Graco SnugRide,EXACT_SOURCE_PAIR
Blaze,Graco,Snug Ride Snug Lock 35 Elite,S12045400,Graco SnugRide,EXACT_SOURCE_PAIR
Ironman,Graco,Snug Ride Snug Lock 35 Elite,S12045400,Graco SnugRide,EXACT_SOURCE_PAIR
Sports Utility,Graco,Snug Ride Snug Lock 35 Elite,S12045400,Graco SnugRide,EXACT_SOURCE_PAIR
Alterrain Pro,Graco,Snug Ride Snug Lock 35 Platinum,S12045400,Graco SnugRide,EXACT_SOURCE_PAIR
Alterrain,Graco,Snug Ride Snug Lock 35 Platinum,S12045400,Graco SnugRide,EXACT_SOURCE_PAIR
Revolution Flex 2016+/2.0/3.0,Graco,Snug Ride Snug Lock 35 Platinum,S12045400,Graco SnugRide,EXACT_SOURCE_PAIR
Revolution Pro 2016+,Graco,Snug Ride Snug Lock 35 Platinum,S12045400,Graco SnugRide,EXACT_SOURCE_PAIR
Stroller Strides 2016+,Graco,Snug Ride Snug Lock 35 Platinum,S12045400,Graco SnugRide,EXACT_SOURCE_PAIR
Rambler,Graco,Snug Ride Snug Lock 35 Platinum,S12045400,Graco SnugRide,EXACT_SOURCE_PAIR
Blaze,Graco,Snug Ride Snug Lock 35 Platinum,S12045400,Graco SnugRide,EXACT_SOURCE_PAIR
Ironman,Graco,Snug Ride Snug Lock 35 Platinum,S12045400,Graco SnugRide,EXACT_SOURCE_PAIR
Sports Utility,Graco,Snug Ride Snug Lock 35 Platinum,S12045400,Graco SnugRide,EXACT_SOURCE_PAIR
Alterrain Pro,Graco,Snug Ride Snug Lock 35 Platinum XT,S12045400,Graco SnugRide,EXACT_SOURCE_PAIR
Alterrain,Graco,Snug Ride Snug Lock 35 Platinum XT,S12045400,Graco SnugRide,EXACT_SOURCE_PAIR
Revolution Flex 2016+/2.0/3.0,Graco,Snug Ride Snug Lock 35 Platinum XT,S12045400,Graco SnugRide,EXACT_SOURCE_PAIR
Revolution Pro 2016+,Graco,Snug Ride Snug Lock 35 Platinum XT,S12045400,Graco SnugRide,EXACT_SOURCE_PAIR
Stroller Strides 2016+,Graco,Snug Ride Snug Lock 35 Platinum XT,S12045400,Graco SnugRide,EXACT_SOURCE_PAIR
Rambler,Graco,Snug Ride Snug Lock 35 Platinum XT,S12045400,Graco SnugRide,EXACT_SOURCE_PAIR
Blaze,Graco,Snug Ride Snug Lock 35 Platinum XT,S12045400,Graco SnugRide,EXACT_SOURCE_PAIR
Ironman,Graco,Snug Ride Snug Lock 35 Platinum XT,S12045400,Graco SnugRide,EXACT_SOURCE_PAIR
Sports Utility,Graco,Snug Ride Snug Lock 35 Platinum XT,S12045400,Graco SnugRide,EXACT_SOURCE_PAIR
Alterrain Pro,Graco,Snug Ride SnugFit 35,S12045400,Graco SnugRide,EXACT_SOURCE_PAIR
Alterrain,Graco,Snug Ride SnugFit 35,S12045400,Graco SnugRide,EXACT_SOURCE_PAIR
Revolution Flex 2016+/2.0/3.0,Graco,Snug Ride SnugFit 35,S12045400,Graco SnugRide,EXACT_SOURCE_PAIR
Revolution Pro 2016+,Graco,Snug Ride SnugFit 35,S12045400,Graco SnugRide,EXACT_SOURCE_PAIR
Stroller Strides 2016+,Graco,Snug Ride SnugFit 35,S12045400,Graco SnugRide,EXACT_SOURCE_PAIR
Rambler,Graco,Snug Ride SnugFit 35,S12045400,Graco SnugRide,EXACT_SOURCE_PAIR
Blaze,Graco,Snug Ride SnugFit 35,S12045400,Graco SnugRide,EXACT_SOURCE_PAIR
Ironman,Graco,Snug Ride SnugFit 35,S12045400,Graco SnugRide,EXACT_SOURCE_PAIR
Sports Utility,Graco,Snug Ride SnugFit 35,S12045400,Graco SnugRide,EXACT_SOURCE_PAIR
Alterrain Pro,Graco,Snug Ride SnugFit 35 DLX,S12045400,Graco SnugRide,EXACT_SOURCE_PAIR
Alterrain,Graco,Snug Ride SnugFit 35 DLX,S12045400,Graco SnugRide,EXACT_SOURCE_PAIR
Revolution Flex 2016+/2.0/3.0,Graco,Snug Ride SnugFit 35 DLX,S12045400,Graco SnugRide,EXACT_SOURCE_PAIR
Revolution Pro 2016+,Graco,Snug Ride SnugFit 35 DLX,S12045400,Graco SnugRide,EXACT_SOURCE_PAIR
Stroller Strides 2016+,Graco,Snug Ride SnugFit 35 DLX,S12045400,Graco SnugRide,EXACT_SOURCE_PAIR
Rambler,Graco,Snug Ride SnugFit 35 DLX,S12045400,Graco SnugRide,EXACT_SOURCE_PAIR
Blaze,Graco,Snug Ride SnugFit 35 DLX,S12045400,Graco SnugRide,EXACT_SOURCE_PAIR
Ironman,Graco,Snug Ride SnugFit 35 DLX,S12045400,Graco SnugRide,EXACT_SOURCE_PAIR
Sports Utility,Graco,Snug Ride SnugFit 35 DLX,S12045400,Graco SnugRide,EXACT_SOURCE_PAIR
Alterrain Pro,Graco,Snug Ride SnugFit 35 XT,S12045400,Graco SnugRide,EXACT_SOURCE_PAIR
Alterrain,Graco,Snug Ride SnugFit 35 XT,S12045400,Graco SnugRide,EXACT_SOURCE_PAIR
Revolution Flex 2016+/2.0/3.0,Graco,Snug Ride SnugFit 35 XT,S12045400,Graco SnugRide,EXACT_SOURCE_PAIR
Revolution Pro 2016+,Graco,Snug Ride SnugFit 35 XT,S12045400,Graco SnugRide,EXACT_SOURCE_PAIR
Stroller Strides 2016+,Graco,Snug Ride SnugFit 35 XT,S12045400,Graco SnugRide,EXACT_SOURCE_PAIR
Rambler,Graco,Snug Ride SnugFit 35 XT,S12045400,Graco SnugRide,EXACT_SOURCE_PAIR
Blaze,Graco,Snug Ride SnugFit 35 XT,S12045400,Graco SnugRide,EXACT_SOURCE_PAIR
Ironman,Graco,Snug Ride SnugFit 35 XT,S12045400,Graco SnugRide,EXACT_SOURCE_PAIR
Sports Utility,Graco,Snug Ride SnugFit 35 XT,S12045400,Graco SnugRide,EXACT_SOURCE_PAIR
Alterrain Pro,Graco,Snug Ride SnugFit 35 Elite,S12045400,Graco SnugRide,EXACT_SOURCE_PAIR
Alterrain,Graco,Snug Ride SnugFit 35 Elite,S12045400,Graco SnugRide,EXACT_SOURCE_PAIR
Revolution Flex 2016+/2.0/3.0,Graco,Snug Ride SnugFit 35 Elite,S12045400,Graco SnugRide,EXACT_SOURCE_PAIR
Revolution Pro 2016+,Graco,Snug Ride SnugFit 35 Elite,S12045400,Graco SnugRide,EXACT_SOURCE_PAIR
Stroller Strides 2016+,Graco,Snug Ride SnugFit 35 Elite,S12045400,Graco SnugRide,EXACT_SOURCE_PAIR
Rambler,Graco,Snug Ride SnugFit 35 Elite,S12045400,Graco SnugRide,EXACT_SOURCE_PAIR
Blaze,Graco,Snug Ride SnugFit 35 Elite,S12045400,Graco SnugRide,EXACT_SOURCE_PAIR
Ironman,Graco,Snug Ride SnugFit 35 Elite,S12045400,Graco SnugRide,EXACT_SOURCE_PAIR
Sports Utility,Graco,Snug Ride SnugFit 35 Elite,S12045400,Graco SnugRide,EXACT_SOURCE_PAIR
Alterrain Pro,UPPAbaby,MESA,S12046600,UPPAbaby,EXACT_SOURCE_PAIR
Alterrain,UPPAbaby,MESA,S12046600,UPPAbaby,EXACT_SOURCE_PAIR
Revolution Flex 2016+/2.0/3.0,UPPAbaby,MESA,S12046600,UPPAbaby,EXACT_SOURCE_PAIR
Revolution Pro 2016+,UPPAbaby,MESA,S12046600,UPPAbaby,EXACT_SOURCE_PAIR
Stroller Strides 2016+,UPPAbaby,MESA,S12046600,UPPAbaby,EXACT_SOURCE_PAIR
Rambler,UPPAbaby,MESA,S12046600,UPPAbaby,EXACT_SOURCE_PAIR
Blaze,UPPAbaby,MESA,S12046600,UPPAbaby,EXACT_SOURCE_PAIR
Ironman,UPPAbaby,MESA,S12046600,UPPAbaby,EXACT_SOURCE_PAIR
Sports Utility,UPPAbaby,MESA,S12046600,UPPAbaby,EXACT_SOURCE_PAIR
Alterrain Pro,Peg Perego,Primo Viaggio 4-35,S12045500,Peg Perego,EXACT_SOURCE_PAIR
Alterrain,Peg Perego,Primo Viaggio 4-35,S12045500,Peg Perego,EXACT_SOURCE_PAIR
Revolution Flex 2016+/2.0/3.0,Peg Perego,Primo Viaggio 4-35,S12045500,Peg Perego,EXACT_SOURCE_PAIR
Revolution Pro 2016+,Peg Perego,Primo Viaggio 4-35,S12045500,Peg Perego,EXACT_SOURCE_PAIR
Stroller Strides 2016+,Peg Perego,Primo Viaggio 4-35,S12045500,Peg Perego,EXACT_SOURCE_PAIR
Rambler,Peg Perego,Primo Viaggio 4-35,S12045500,Peg Perego,EXACT_SOURCE_PAIR
Blaze,Peg Perego,Primo Viaggio 4-35,S12045500,Peg Perego,EXACT_SOURCE_PAIR
Ironman,Peg Perego,Primo Viaggio 4-35,S12045500,Peg Perego,EXACT_SOURCE_PAIR
Sports Utility,Peg Perego,Primo Viaggio 4-35,S12045500,Peg Perego,EXACT_SOURCE_PAIR
Alterrain Pro,Peg Perego,Primo Viaggio,S12045500,Peg Perego,EXACT_SOURCE_PAIR
Alterrain,Peg Perego,Primo Viaggio,S12045500,Peg Perego,EXACT_SOURCE_PAIR
Revolution Flex 2016+/2.0/3.0,Peg Perego,Primo Viaggio,S12045500,Peg Perego,EXACT_SOURCE_PAIR
Revolution Pro 2016+,Peg Perego,Primo Viaggio,S12045500,Peg Perego,EXACT_SOURCE_PAIR
Stroller Strides 2016+,Peg Perego,Primo Viaggio,S12045500,Peg Perego,EXACT_SOURCE_PAIR
Rambler,Peg Perego,Primo Viaggio,S12045500,Peg Perego,EXACT_SOURCE_PAIR
Blaze,Peg Perego,Primo Viaggio,S12045500,Peg Perego,EXACT_SOURCE_PAIR
Ironman,Peg Perego,Primo Viaggio,S12045500,Peg Perego,EXACT_SOURCE_PAIR
Sports Utility,Peg Perego,Primo Viaggio,S12045500,Peg Perego,EXACT_SOURCE_PAIR
Alterrain Pro,Peg Perego,4-35 Nido,S12045500,Peg Perego,EXACT_SOURCE_PAIR
Alterrain,Peg Perego,4-35 Nido,S12045500,Peg Perego,EXACT_SOURCE_PAIR
Revolution Flex 2016+/2.0/3.0,Peg Perego,4-35 Nido,S12045500,Peg Perego,EXACT_SOURCE_PAIR
Revolution Pro 2016+,Peg Perego,4-35 Nido,S12045500,Peg Perego,EXACT_SOURCE_PAIR
Stroller Strides 2016+,Peg Perego,4-35 Nido,S12045500,Peg Perego,EXACT_SOURCE_PAIR
Rambler,Peg Perego,4-35 Nido,S12045500,Peg Perego,EXACT_SOURCE_PAIR
Blaze,Peg Perego,4-35 Nido,S12045500,Peg Perego,EXACT_SOURCE_PAIR
Ironman,Peg Perego,4-35 Nido,S12045500,Peg Perego,EXACT_SOURCE_PAIR
Sports Utility,Peg Perego,4-35 Nido,S12045500,Peg Perego,EXACT_SOURCE_PAIR
Alterrain Pro,Chicco,KeyFit 30,S12045900,Chicco,EXACT_SOURCE_PAIR
Alterrain,Chicco,KeyFit 30,S12045900,Chicco,EXACT_SOURCE_PAIR
Revolution Flex 2016+/2.0/3.0,Chicco,KeyFit 30,S12045900,Chicco,EXACT_SOURCE_PAIR
Revolution Pro 2016+,Chicco,KeyFit 30,S12045900,Chicco,EXACT_SOURCE_PAIR
Stroller Strides 2016+,Chicco,KeyFit 30,S12045900,Chicco,EXACT_SOURCE_PAIR
Rambler,Chicco,KeyFit 30,S12045900,Chicco,EXACT_SOURCE_PAIR
Blaze,Chicco,KeyFit 30,S12045900,Chicco,EXACT_SOURCE_PAIR
Ironman,Chicco,KeyFit 30,S12045900,Chicco,EXACT_SOURCE_PAIR
Sports Utility,Chicco,KeyFit 30,S12045900,Chicco,EXACT_SOURCE_PAIR
Alterrain Pro,Chicco,KeyFit 30 Zip,S12045900,Chicco,EXACT_SOURCE_PAIR
Alterrain,Chicco,KeyFit 30 Zip,S12045900,Chicco,EXACT_SOURCE_PAIR
Revolution Flex 2016+/2.0/3.0,Chicco,KeyFit 30 Zip,S12045900,Chicco,EXACT_SOURCE_PAIR
Revolution Pro 2016+,Chicco,KeyFit 30 Zip,S12045900,Chicco,EXACT_SOURCE_PAIR
Stroller Strides 2016+,Chicco,KeyFit 30 Zip,S12045900,Chicco,EXACT_SOURCE_PAIR
Rambler,Chicco,KeyFit 30 Zip,S12045900,Chicco,EXACT_SOURCE_PAIR
Blaze,Chicco,KeyFit 30 Zip,S12045900,Chicco,EXACT_SOURCE_PAIR
Ironman,Chicco,KeyFit 30 Zip,S12045900,Chicco,EXACT_SOURCE_PAIR
Sports Utility,Chicco,KeyFit 30 Zip,S12045900,Chicco,EXACT_SOURCE_PAIR
Alterrain Pro,Chicco,KeyFit 35,S12045900,Chicco,EXACT_SOURCE_PAIR
Alterrain,Chicco,KeyFit 35,S12045900,Chicco,EXACT_SOURCE_PAIR
Revolution Flex 2016+/2.0/3.0,Chicco,KeyFit 35,S12045900,Chicco,EXACT_SOURCE_PAIR
Revolution Pro 2016+,Chicco,KeyFit 35,S12045900,Chicco,EXACT_SOURCE_PAIR
Stroller Strides 2016+,Chicco,KeyFit 35,S12045900,Chicco,EXACT_SOURCE_PAIR
Rambler,Chicco,KeyFit 35,S12045900,Chicco,EXACT_SOURCE_PAIR
Blaze,Chicco,KeyFit 35,S12045900,Chicco,EXACT_SOURCE_PAIR
Ironman,Chicco,KeyFit 35,S12045900,Chicco,EXACT_SOURCE_PAIR
Sports Utility,Chicco,KeyFit 35,S12045900,Chicco,EXACT_SOURCE_PAIR
Alterrain Pro,Chicco,KeyFit Zip Air,S12045900,Chicco,EXACT_SOURCE_PAIR
Alterrain,Chicco,KeyFit Zip Air,S12045900,Chicco,EXACT_SOURCE_PAIR
Revolution Flex 2016+/2.0/3.0,Chicco,KeyFit Zip Air,S12045900,Chicco,EXACT_SOURCE_PAIR
Revolution Pro 2016+,Chicco,KeyFit Zip Air,S12045900,Chicco,EXACT_SOURCE_PAIR
Stroller Strides 2016+,Chicco,KeyFit Zip Air,S12045900,Chicco,EXACT_SOURCE_PAIR
Rambler,Chicco,KeyFit Zip Air,S12045900,Chicco,EXACT_SOURCE_PAIR
Blaze,Chicco,KeyFit Zip Air,S12045900,Chicco,EXACT_SOURCE_PAIR
Ironman,Chicco,KeyFit Zip Air,S12045900,Chicco,EXACT_SOURCE_PAIR
Sports Utility,Chicco,KeyFit Zip Air,S12045900,Chicco,EXACT_SOURCE_PAIR
Alterrain Pro,Chicco,KeyFit Magic,S12045900,Chicco,EXACT_SOURCE_PAIR
Alterrain,Chicco,KeyFit Magic,S12045900,Chicco,EXACT_SOURCE_PAIR
Revolution Flex 2016+/2.0/3.0,Chicco,KeyFit Magic,S12045900,Chicco,EXACT_SOURCE_PAIR
Revolution Pro 2016+,Chicco,KeyFit Magic,S12045900,Chicco,EXACT_SOURCE_PAIR
Stroller Strides 2016+,Chicco,KeyFit Magic,S12045900,Chicco,EXACT_SOURCE_PAIR
Rambler,Chicco,KeyFit Magic,S12045900,Chicco,EXACT_SOURCE_PAIR
Blaze,Chicco,KeyFit Magic,S12045900,Chicco,EXACT_SOURCE_PAIR
Ironman,Chicco,KeyFit Magic,S12045900,Chicco,EXACT_SOURCE_PAIR
Sports Utility,Chicco,KeyFit Magic,S12045900,Chicco,EXACT_SOURCE_PAIR
Alterrain Pro,Chicco,Fit2,S12045900,Chicco,EXACT_SOURCE_PAIR
Alterrain,Chicco,Fit2,S12045900,Chicco,EXACT_SOURCE_PAIR
Revolution Flex 2016+/2.0/3.0,Chicco,Fit2,S12045900,Chicco,EXACT_SOURCE_PAIR
Revolution Pro 2016+,Chicco,Fit2,S12045900,Chicco,EXACT_SOURCE_PAIR
Stroller Strides 2016+,Chicco,Fit2,S12045900,Chicco,EXACT_SOURCE_PAIR
Rambler,Chicco,Fit2,S12045900,Chicco,EXACT_SOURCE_PAIR
Blaze,Chicco,Fit2,S12045900,Chicco,EXACT_SOURCE_PAIR
Ironman,Chicco,Fit2,S12045900,Chicco,EXACT_SOURCE_PAIR
Sports Utility,Chicco,Fit2,S12045900,Chicco,EXACT_SOURCE_PAIR
Wayfinder,Cybex,Aton 2,S14664700,Cybex (Aton 2/Cloud Q/Aton Q),EXACT_SOURCE_PAIR
Alterrain Pro,Cybex,Aton 2,S12046000,Cybex (Aton 2/Cloud Q/Aton Q),EXACT_SOURCE_PAIR
Alterrain,Cybex,Aton 2,S12046000,Cybex (Aton 2/Cloud Q/Aton Q),EXACT_SOURCE_PAIR
Revolution Flex 2016+/2.0/3.0,Cybex,Aton 2,S12046000,Cybex (Aton 2/Cloud Q/Aton Q),EXACT_SOURCE_PAIR
Revolution Pro 2016+,Cybex,Aton 2,S12046000,Cybex (Aton 2/Cloud Q/Aton Q),EXACT_SOURCE_PAIR
Stroller Strides 2016+,Cybex,Aton 2,S12046000,Cybex (Aton 2/Cloud Q/Aton Q),EXACT_SOURCE_PAIR
Rambler,Cybex,Aton 2,S12046000,Cybex (Aton 2/Cloud Q/Aton Q),EXACT_SOURCE_PAIR
Renegade Wagon,Cybex,Aton 2,S14685500,Cybex (Aton 2/Cloud Q/Aton Q),EXACT_SOURCE_PAIR
Wayfinder,Cybex,Cloud Q,S14664700,Cybex (Aton 2/Cloud Q/Aton Q),EXACT_SOURCE_PAIR
Alterrain Pro,Cybex,Cloud Q,S12046000,Cybex (Aton 2/Cloud Q/Aton Q),EXACT_SOURCE_PAIR
Alterrain,Cybex,Cloud Q,S12046000,Cybex (Aton 2/Cloud Q/Aton Q),EXACT_SOURCE_PAIR
Revolution Flex 2016+/2.0/3.0,Cybex,Cloud Q,S12046000,Cybex (Aton 2/Cloud Q/Aton Q),EXACT_SOURCE_PAIR
Revolution Pro 2016+,Cybex,Cloud Q,S12046000,Cybex (Aton 2/Cloud Q/Aton Q),EXACT_SOURCE_PAIR
Stroller Strides 2016+,Cybex,Cloud Q,S12046000,Cybex (Aton 2/Cloud Q/Aton Q),EXACT_SOURCE_PAIR
Rambler,Cybex,Cloud Q,S12046000,Cybex (Aton 2/Cloud Q/Aton Q),EXACT_SOURCE_PAIR
Renegade Wagon,Cybex,Cloud Q,S14685500,Cybex (Aton 2/Cloud Q/Aton Q),EXACT_SOURCE_PAIR
Wayfinder,Cybex,Aton Q,S14664700,Cybex (Aton 2/Cloud Q/Aton Q),EXACT_SOURCE_PAIR
Alterrain Pro,Cybex,Aton Q,S12046000,Cybex (Aton 2/Cloud Q/Aton Q),EXACT_SOURCE_PAIR
Alterrain,Cybex,Aton Q,S12046000,Cybex (Aton 2/Cloud Q/Aton Q),EXACT_SOURCE_PAIR
Revolution Flex 2016+/2.0/3.0,Cybex,Aton Q,S12046000,Cybex (Aton 2/Cloud Q/Aton Q),EXACT_SOURCE_PAIR
Revolution Pro 2016+,Cybex,Aton Q,S12046000,Cybex (Aton 2/Cloud Q/Aton Q),EXACT_SOURCE_PAIR
Stroller Strides 2016+,Cybex,Aton Q,S12046000,Cybex (Aton 2/Cloud Q/Aton Q),EXACT_SOURCE_PAIR
Rambler,Cybex,Aton Q,S12046000,Cybex (Aton 2/Cloud Q/Aton Q),EXACT_SOURCE_PAIR
Renegade Wagon,Cybex,Aton Q,S14685500,Cybex (Aton 2/Cloud Q/Aton Q),EXACT_SOURCE_PAIR
Wayfinder,Cybex,Aton M,S14664700,Cybex (Aton M),EXACT_SOURCE_PAIR
Alterrain Pro,Cybex,Aton M,S12046000,Cybex (Aton M),EXACT_SOURCE_PAIR
Alterrain,Cybex,Aton M,S12046000,Cybex (Aton M),EXACT_SOURCE_PAIR
Revolution Flex 2016+/2.0/3.0,Cybex,Aton M,S12046000,Cybex (Aton M),EXACT_SOURCE_PAIR
Revolution Pro 2016+,Cybex,Aton M,S12046000,Cybex (Aton M),EXACT_SOURCE_PAIR
Stroller Strides 2016+,Cybex,Aton M,S12046000,Cybex (Aton M),EXACT_SOURCE_PAIR
Rambler,Cybex,Aton M,S12046000,Cybex (Aton M),EXACT_SOURCE_PAIR
Wayfinder,Nuna,Pipa,S14664700,Nuna,EXACT_SOURCE_PAIR
Alterrain Pro,Nuna,Pipa,S12046000,Nuna,EXACT_SOURCE_PAIR
Alterrain,Nuna,Pipa,S12046000,Nuna,EXACT_SOURCE_PAIR
Revolution Flex 2016+/2.0/3.0,Nuna,Pipa,S12046000,Nuna,EXACT_SOURCE_PAIR
Revolution Pro 2016+,Nuna,Pipa,S12046000,Nuna,EXACT_SOURCE_PAIR
Stroller Strides 2016+,Nuna,Pipa,S12046000,Nuna,EXACT_SOURCE_PAIR
Rambler,Nuna,Pipa,S12046000,Nuna,EXACT_SOURCE_PAIR
Renegade Wagon,Nuna,Pipa,S14685500,Nuna,EXACT_SOURCE_PAIR
Wayfinder,Nuna,Pipa Lite,S14664700,Nuna,EXACT_SOURCE_PAIR
Alterrain Pro,Nuna,Pipa Lite,S12046000,Nuna,EXACT_SOURCE_PAIR
Alterrain,Nuna,Pipa Lite,S12046000,Nuna,EXACT_SOURCE_PAIR
Revolution Flex 2016+/2.0/3.0,Nuna,Pipa Lite,S12046000,Nuna,EXACT_SOURCE_PAIR
Revolution Pro 2016+,Nuna,Pipa Lite,S12046000,Nuna,EXACT_SOURCE_PAIR
Stroller Strides 2016+,Nuna,Pipa Lite,S12046000,Nuna,EXACT_SOURCE_PAIR
Rambler,Nuna,Pipa Lite,S12046000,Nuna,EXACT_SOURCE_PAIR
Renegade Wagon,Nuna,Pipa Lite,S14685500,Nuna,EXACT_SOURCE_PAIR
Wayfinder,Nuna,Pipa RX Lite,S14664700,Nuna,EXACT_SOURCE_PAIR
Alterrain Pro,Nuna,Pipa RX Lite,S12046000,Nuna,EXACT_SOURCE_PAIR
Alterrain,Nuna,Pipa RX Lite,S12046000,Nuna,EXACT_SOURCE_PAIR
Revolution Flex 2016+/2.0/3.0,Nuna,Pipa RX Lite,S12046000,Nuna,EXACT_SOURCE_PAIR
Revolution Pro 2016+,Nuna,Pipa RX Lite,S12046000,Nuna,EXACT_SOURCE_PAIR
Stroller Strides 2016+,Nuna,Pipa RX Lite,S12046000,Nuna,EXACT_SOURCE_PAIR
Rambler,Nuna,Pipa RX Lite,S12046000,Nuna,EXACT_SOURCE_PAIR
Renegade Wagon,Nuna,Pipa RX Lite,S14685500,Nuna,EXACT_SOURCE_PAIR
Wayfinder,Maxi Cosi,Mico 30,S14664700,Maxi Cosi,EXACT_SOURCE_PAIR
Alterrain Pro,Maxi Cosi,Mico 30,S12046000,Maxi Cosi,EXACT_SOURCE_PAIR
Alterrain,Maxi Cosi,Mico 30,S12046000,Maxi Cosi,EXACT_SOURCE_PAIR
Revolution Flex 2016+/2.0/3.0,Maxi Cosi,Mico 30,S12046000,Maxi Cosi,EXACT_SOURCE_PAIR
Revolution Pro 2016+,Maxi Cosi,Mico 30,S12046000,Maxi Cosi,EXACT_SOURCE_PAIR
Stroller Strides 2016+,Maxi Cosi,Mico 30,S12046000,Maxi Cosi,EXACT_SOURCE_PAIR
Rambler,Maxi Cosi,Mico 30,S12046000,Maxi Cosi,EXACT_SOURCE_PAIR
Wayfinder,Maxi Cosi,Mico Max 30,S14664700,Maxi Cosi,EXACT_SOURCE_PAIR
Alterrain Pro,Maxi Cosi,Mico Max 30,S12046000,Maxi Cosi,EXACT_SOURCE_PAIR
Alterrain,Maxi Cosi,Mico Max 30,S12046000,Maxi Cosi,EXACT_SOURCE_PAIR
Revolution Flex 2016+/2.0/3.0,Maxi Cosi,Mico Max 30,S12046000,Maxi Cosi,EXACT_SOURCE_PAIR
Revolution Pro 2016+,Maxi Cosi,Mico Max 30,S12046000,Maxi Cosi,EXACT_SOURCE_PAIR
Stroller Strides 2016+,Maxi Cosi,Mico Max 30,S12046000,Maxi Cosi,EXACT_SOURCE_PAIR
Rambler,Maxi Cosi,Mico Max 30,S12046000,Maxi Cosi,EXACT_SOURCE_PAIR
Wayfinder,Maxi Cosi,Mico Max Plus,S14664700,Maxi Cosi,EXACT_SOURCE_PAIR
Alterrain Pro,Maxi Cosi,Mico Max Plus,S12046000,Maxi Cosi,EXACT_SOURCE_PAIR
Alterrain,Maxi Cosi,Mico Max Plus,S12046000,Maxi Cosi,EXACT_SOURCE_PAIR
Revolution Flex 2016+/2.0/3.0,Maxi Cosi,Mico Max Plus,S12046000,Maxi Cosi,EXACT_SOURCE_PAIR
Revolution Pro 2016+,Maxi Cosi,Mico Max Plus,S12046000,Maxi Cosi,EXACT_SOURCE_PAIR
Stroller Strides 2016+,Maxi Cosi,Mico Max Plus,S12046000,Maxi Cosi,EXACT_SOURCE_PAIR
Rambler,Maxi Cosi,Mico Max Plus,S12046000,Maxi Cosi,EXACT_SOURCE_PAIR
Wayfinder,Maxi Cosi,Coral XP,S14664700,Maxi Cosi,EXACT_SOURCE_PAIR
Alterrain Pro,Maxi Cosi,Coral XP,S12046000,Maxi Cosi,EXACT_SOURCE_PAIR
Alterrain,Maxi Cosi,Coral XP,S12046000,Maxi Cosi,EXACT_SOURCE_PAIR
Revolution Flex 2016+/2.0/3.0,Maxi Cosi,Coral XP,S12046000,Maxi Cosi,EXACT_SOURCE_PAIR
Revolution Pro 2016+,Maxi Cosi,Coral XP,S12046000,Maxi Cosi,EXACT_SOURCE_PAIR
Stroller Strides 2016+,Maxi Cosi,Coral XP,S12046000,Maxi Cosi,EXACT_SOURCE_PAIR
Rambler,Maxi Cosi,Coral XP,S12046000,Maxi Cosi,EXACT_SOURCE_PAIR
