id,provider,brand,title,tmbcCategory,productType,price,affiliateUrl,imageUrl,active_in_feed
cmqu9dt6h001r6bye1l8s5h5x,awin_anbbaby,Agio by Peg Perego,AGIO Car Seat Adapter For Z4 and YPSI Stroller,Travel Systems & Adapters,stroller adapter,49.99,https://www.awin1.com/cread.php?awinmid=75150&awinaffid=2588613&ued=https%3A%2F%2Fwww.anbbaby.com%2Fproducts%2Fpeg-perego-car-seat-adapter-for-ypsi%3Fvariant%3D31982217658454,https://cdn.shopify.com/s/files/1/0030/3949/4244/files/agio-car-seat-adapter-for-z4-and-ypsi-strollerppikcs0018anb-babyanb-baby-272471.jpg?v=1739539875,t
cmr2gpctn0000dm5jkq3tgtn3,manual_tmbc,Baby,Baby Jogger City Mini GT2 Car Seat Adapter,Travel Systems & Adapters,car seat adapter,,https://www.macrobaby.com/products/baby-jogger-car-seat-adapters-for-baby-jogger-and-graco?_j=taylormadebabyco.com,,t
cmr2gpd4o0003dm5j09lzac9e,manual_tmbc,Baby,Baby Jogger City Select 2 Car Seat Adapter,Travel Systems & Adapters,car seat adapter,,https://www.macrobaby.com/products/baby-jogger-car-seat-adapter-select-premier-chicco-peg-perego?_j=taylormadebabyco.com,,t
cmr2gpd9w0006dm5j4jzd6i1i,manual_tmbc,Baby,Baby Jogger Summit X3 Car Seat Adapter,Travel Systems & Adapters,car seat adapter,,https://www.macrobaby.com/products/baby-jogger-car-seat-adapters-for-baby-jogger-and-graco?_j=taylormadebabyco.com,,t
cmqu9f2ke00496byelo83ecb3,awin_anbbaby,Baby Jogger,"Baby Jogger Britax Car Seat Adapter, City Select 2, Black",Travel Systems & Adapters,stroller adapter,54.99,https://www.awin1.com/cread.php?awinmid=75150&awinaffid=2588613&ued=https%3A%2F%2Fwww.anbbaby.com%2Fproducts%2Fbaby-jogger-britax-car-seat-adapter-city-select-2-black%3Fvariant%3D39484248293462,https://cdn.shopify.com/s/files/1/0030/3949/4244/files/baby-jogger-britax-car-seat-adapter-city-select-2-blackbj2151253anb-babyanb-baby-950772.jpg?v=1739552839,t
cmqu9drhx001l6byefitecyp2,awin_anbbaby,Baby Jogger,"Baby Jogger Britax Mounting Bracket Car Seat Adapter for City Mini, Black",Travel Systems & Adapters,stroller adapter,29.95,https://www.awin1.com/cread.php?awinmid=75150&awinaffid=2588613&ued=https%3A%2F%2Fwww.anbbaby.com%2Fproducts%2Fbaby-jogger-britax-mounting-bracket-car-seat-adapter-for-city-mini-black%3Fvariant%3D31251708051542,https://cdn.shopify.com/s/files/1/0030/3949/4244/files/1144325.jpg?v=1752790639,t
cmqu9dr7u001i6byejc6ptzvw,awin_anbbaby,Baby Jogger,BABY JOGGER Car Seat Adapter (City Select / City Premier) For Britax / BOB - Black,Travel Systems & Adapters,stroller adapter,49.99,https://www.awin1.com/cread.php?awinmid=75150&awinaffid=2588613&ued=https%3A%2F%2Fwww.anbbaby.com%2Fproducts%2Fcar-seat-adapter-city-select-premier-britax-bob%3Fvariant%3D49935881732382,https://cdn.shopify.com/s/files/1/0030/3949/4244/files/BABY_JOGGER_Car_Seat_Adapter_City_Select_City_Premier_For_Britax_BOB_1.jpg?v=1752790827,t
cmqu9d6gi000c6byeyinqyf93,awin_anbbaby,Baby Jogger,"BABY JOGGER Car Seat Adapter (City Select, City Select LUX, City Premier) For City GO / Graco",Travel Systems & Adapters,stroller adapter,54.99,https://www.awin1.com/cread.php?awinmid=75150&awinaffid=2588613&ued=https%3A%2F%2Fwww.anbbaby.com%2Fproducts%2Fcar-seat-adapter-single-baby-city-premier%3Fvariant%3D16411943665764,https://cdn.shopify.com/s/files/1/0030/3949/4244/files/Baby_Jogger_Adapter_for_CityGO_Graco_for_City_Select_Black_1.jpg?v=1752788361,t
cmqu9dper001f6bye6uso27u5,awin_anbbaby,Baby Jogger,BABY JOGGER Car Seat Adapter For City Mini 2 and GT2 City Go/Graco - Black,Travel Systems & Adapters,stroller adapter,54.99,https://www.awin1.com/cread.php?awinmid=75150&awinaffid=2588613&ued=https%3A%2F%2Fwww.anbbaby.com%2Fproducts%2Fcar-seat-adapter-city-mini-city-go-graco%3Fvariant%3D49936124510494,https://cdn.shopify.com/s/files/1/0030/3949/4244/files/BABY-JOGGER-Car-Seat-Adapter-For-City-Mini-2-and-GT2-City-Go-Graco_1.jpg?v=1752790619,t
cmqx4kfxf00fc3a8u5o4m2y7g,shopify_macrobaby,Baby Jogger,Baby Jogger - Car Seat Adapter for City Mini 2 Double/City Mini Gt 2 Double,Travel Systems & Adapters,stroller adapter,49.99,https://www.macrobaby.com/products/baby-jogger-car-seat-adapter-for-city-mini-2-double-city-mini-gt-2-double?_j=taylormadebabyco.com,https://cdn.shopify.com/s/files/1/0325/7932/1915/files/baby-jogger-car-seat-adapter-for-city-mini-2-double-city-mini-gt-2-double_image_1.jpg?v=1774911464,t
cmqu9e7oa002o6byeg9qzm5d2,awin_anbbaby,Baby Jogger,"Baby Jogger Car Seat Adapter for City Mini 2 Double, Maxi Cosi / Be Safe / Cybex",Travel Systems & Adapters,stroller adapter,54.99,https://www.awin1.com/cread.php?awinmid=75150&awinaffid=2588613&ued=https%3A%2F%2Fwww.anbbaby.com%2Fproducts%2Fbaby-jogger-car-seat-adapter-for-city-mini-2-double-maxi-cosi-be-safe-cybex%3Fvariant%3D33380413603926,https://cdn.shopify.com/s/files/1/0030/3949/4244/files/Baby_Jogger_Car_Seat_Adapter_for_City_Mini_2_Double_Maxi_Cosi_Be_Safe_Cybex_1.jpg?v=1752786025,t
cmqx4ku6q00jr3a8upiifi4c4,shopify_macrobaby,Baby Jogger,"Baby Jogger - Car Seat Adapter for City Sights, Maxi-Cosi/Nuna/Cybex",Travel Systems & Adapters,stroller adapter,54.99,https://www.macrobaby.com/products/baby-jogger-car-seat-adapter-for-city-sights-maxi-cosi-nuna-cybex?_j=taylormadebabyco.com,https://cdn.shopify.com/s/files/1/0325/7932/1915/files/baby-jogger-car-seat-adapter-for-city-sights-maxi-cosi-nuna-cybex_image_1.jpg?v=1752684675,t
cmqu9d5si00066byeo4xcg7uz,awin_anbbaby,Baby Jogger,BABY JOGGER Car Seat Adapter - Mounting Bracket - Single - For Chicco / Peg Perego,Travel Systems & Adapters,stroller adapter,79.99,https://www.awin1.com/cread.php?awinmid=75150&awinaffid=2588613&ued=https%3A%2F%2Fwww.anbbaby.com%2Fproducts%2Fcar-seat-adapter-single-multi%3Fvariant%3D16411856699492,https://cdn.shopify.com/s/files/1/0030/3949/4244/files/BABY_JOGGER_Car_Seat_Adapter_-_Mounting_Bracket_-_Single_-_For_Chicco_Peg_Perego_1.jpg?v=1752789806,t
cmqx4jy8p009u3a8uhmfftzgj,shopify_macrobaby,Baby Jogger,Baby Jogger Car Seat Adapter - Select/Premier - Chicco/Peg Perego,Travel Systems & Adapters,stroller adapter,79.99,https://www.macrobaby.com/products/baby-jogger-car-seat-adapter-select-premier-chicco-peg-perego?_j=taylormadebabyco.com,https://cdn.shopify.com/s/files/1/0325/7932/1915/files/baby-jogger-car-seat-adapter-select-premier-chicco-peg-perego_image_1.jpg?v=1769184193,t
cmqx4l5fg00n93a8uxq17xask,shopify_macrobaby,Baby Jogger,Baby Jogger Car Seat Adapter - Select/Premier - Graco/City Go,Travel Systems & Adapters,stroller adapter,49.99,https://www.macrobaby.com/products/baby-jogger-car-seat-adapter-select-premier-graco-city-go?_j=taylormadebabyco.com,https://cdn.shopify.com/s/files/1/0325/7932/1915/files/baby-jogger-car-seat-adapter-select-premier-graco-city-go_image_1.jpg?v=1769184185,t
cmqx4l4wi00n33a8u79pudj0r,shopify_macrobaby,Baby Jogger,Baby Jogger - Car Seat Adapters for Baby Jogger and Graco,Travel Systems & Adapters,stroller adapter,49.99,https://www.macrobaby.com/products/baby-jogger-car-seat-adapters-for-baby-jogger-and-graco?_j=taylormadebabyco.com,https://cdn.shopify.com/s/files/1/0325/7932/1915/files/baby-jogger-car-seat-adapters-for-baby-jogger-and-graco_image_1.jpg?v=1769184179,t
cmqu9d5iu00036byed0neyspw,awin_anbbaby,Baby Jogger,"BABY JOGGER Car Seat Adapter Single (City Mini, City Mini GT, and Summit X3) City GO and Graco Click Connect",Travel Systems & Adapters,stroller adapter,54.99,https://www.awin1.com/cread.php?awinmid=75150&awinaffid=2588613&ued=https%3A%2F%2Fwww.anbbaby.com%2Fproducts%2Fcar-seat-adapter-single-city-go-graco%3Fvariant%3D16411852537956,https://cdn.shopify.com/s/files/1/0030/3949/4244/files/baby-jogger-car-seat-adapter-single-city-mini-city-mini-gt-and-summit-x3-city-go-and-graco-click-connectbj1971511anb-babyanb-baby-360755.jpg?v=1739532525,t
cmqu9d756000i6bye9ximtpyl,awin_anbbaby,Baby Jogger,Baby Jogger Chicco / Peg Perego Car Seat Adapter,Travel Systems & Adapters,stroller adapter,84.99,https://www.awin1.com/cread.php?awinmid=75150&awinaffid=2588613&ued=https%3A%2F%2Fwww.anbbaby.com%2Fproducts%2Fcar-seat-adapter-single-multi-model-city%3Fvariant%3D16412080701540,https://cdn.shopify.com/s/files/1/0030/3949/4244/files/Baby-Jogger-Car-Seat-Adapter_1.jpg?v=1752790059,t
cmqphgphd0059dqwrs3ka5z4s,babylist_impact,Baby Jogger,Baby Jogger Chicco / Peg Perego Car Seat Adapter for City Mini 2 & City Mini GT2,Travel Systems & Adapters,car seat adapter,84.99,https://babylist.pxf.io/c/6560395/1056628/13580?u=https%3A%2F%2Fwww.babylist.com%2Fgp%2Fbaby-jogger-chicco-peg-perego-car-seat-adapter-for-city-mini-2-city-mini-gt2%2F15103%2F219587&partnerpropertyid=7490466,https://images.ctfassets.net/50gzycvace50/a8f7db092d4207148f12ce58d45f3e9a53891e2754e053943dae1f84353193bd/26342cc3c32141fa98db13c77c6ce490/a8f7db092d4207148f12ce58d45f3e9a53891e2754e053943dae1f84353193bd.png?fl=progressive&fm=jpg&bg=rgb:fafafa&w=1240&h=1240,t
cmqu9dlwk00166byelj7so3ou,awin_anbbaby,Baby Jogger,BABY JOGGER City Mini 2 Car Seat Adapter For Britax - Black,Travel Systems & Adapters,stroller adapter,49.99,https://www.awin1.com/cread.php?awinmid=75150&awinaffid=2588613&ued=https%3A%2F%2Fwww.anbbaby.com%2Fproducts%2Fcity-mini-2-car-seat-adapter-for-britax%3Fvariant%3D49935880290590,https://cdn.shopify.com/s/files/1/0030/3949/4244/files/BABY_JOGGER_City_Mini_2_Car_Seat_Adapter_For_Britax_1.jpg?v=1752790538,t
cmqu9dkyw000x6byedbnb08rc,awin_anbbaby,Baby Jogger,BABY JOGGER City Mini 2/City Mini GT2 City GO/Graco Car Seat Adapter - Jet - Black,Travel Systems & Adapters,stroller adapter,49.99,https://www.awin1.com/cread.php?awinmid=75150&awinaffid=2588613&ued=https%3A%2F%2Fwww.anbbaby.com%2Fproducts%2Fcity-mini-2-city-mini-gt2-city-go-graco-car-seat-adapter%3Fvariant%3D49919768559902,https://cdn.shopify.com/s/files/1/0030/3949/4244/files/baby-jogger-city-mini-2city-mini-gt2-city-gograco-car-seat-adapter-jetbj2083981anb-babyanb-baby-514616.jpg?v=1739537720,t
cmqu9dm8d00196byep6audgt2,awin_anbbaby,Baby Jogger,BABY JOGGER City Mini 2 / Mini GT2 Chicco / Peg Perego Car Seat Adapter - Jet - Black,Travel Systems & Adapters,stroller adapter,84.99,https://www.awin1.com/cread.php?awinmid=75150&awinaffid=2588613&ued=https%3A%2F%2Fwww.anbbaby.com%2Fproducts%2Fcity-mini-2-mini-gt2-chicco-peg-perego-car-seat-adapter%3Fvariant%3D49935881175326,https://cdn.shopify.com/s/files/1/0030/3949/4244/files/BABY_JOGGER_City_Mini_2_Mini_GT2_Chicco_Peg_Perego_Car_Seat_Adapter_-_Jet_1.jpg?v=1752790542,t
cmqu9dlk800136byer3gq1e98,awin_anbbaby,Baby Jogger,BABY JOGGER City Mini 2 / Mini GT 2 Cybex / Clek Car Seat Adapter - Black,Travel Systems & Adapters,stroller adapter,49.99,https://www.awin1.com/cread.php?awinmid=75150&awinaffid=2588613&ued=https%3A%2F%2Fwww.anbbaby.com%2Fproducts%2Fcity-mini-2-mini-gt-2-cybex-cybex-car-seat-adapter%3Fvariant%3D49935879700766,https://cdn.shopify.com/s/files/1/0030/3949/4244/files/BABY_JOGGER_City_Mini_2_Mini_GT_2_Cybex_Clek_Car_Seat_Adapter_1.jpg?v=1752790806,t
cmqphgtfv006idqwrw82q1azx,babylist_impact,Baby Jogger,Baby Jogger City Mini GT3 Car Seat Adapter (Nuna),Travel Systems & Adapters,car seat adapter,49.99,https://babylist.pxf.io/c/6560395/1056628/13580?u=https%3A%2F%2Fwww.babylist.com%2Fgp%2Fbaby-jogger-city-mini-gt3-car-seat-adapter-nuna%2F73653%2F2444114&partnerpropertyid=7490466,https://images.ctfassets.net/50gzycvace50/8067c06e44b19949ca641103741efc83b546ce429bd5f5ebf5a2f9ca71cfb421/55812430a5866509f206f0cf5b7ffa0c/8067c06e44b19949ca641103741efc83b546ce429bd5f5ebf5a2f9ca71cfb421.png?fl=progressive&fm=jpg&bg=rgb:fafafa&w=1240&h=1240,t
cmqu9d64j00096bye9m5rb3j1,awin_anbbaby,Baby Jogger,BABY JOGGER City Mini ZIP Car Seat Adapter Single - Graco Click Connect,Travel Systems & Adapters,stroller adapter,39.99,https://www.awin1.com/cread.php?awinmid=75150&awinaffid=2588613&ued=https%3A%2F%2Fwww.anbbaby.com%2Fproducts%2Fcity-mini-zip-car-seat-adapter-single-graco-click%3Fvariant%3D16411864465508,https://cdn.shopify.com/s/files/1/0030/3949/4244/files/baby-jogger-city-mini-zip-car-seat-adapter-single-graco-click-connectbjbj92325anb-babyanb-baby-278316.jpg?v=1739532534,t
cmqx6m04d001u3ld4xkq5r2si,shopify_macrobaby,Baby Jogger,Baby Jogger City Tour 2 Car Seat Adapter for Baby Jogger City GO and Graco,Travel Systems & Adapters,stroller adapter,49.99,https://www.macrobaby.com/products/baby-jogger-city-tour-2-car-seat-adapter-for-baby-jogger-city-go-and-graco?_j=taylormadebabyco.com,https://cdn.shopify.com/s/files/1/0325/7932/1915/files/baby-jogger-city-tour-2-car-seat-adapter-for-baby-jogger-city-go-and-graco_image_1.jpg?v=1769184170,t
cmqu9dmii001c6bye9rj8lkcu,awin_anbbaby,Baby Jogger,BABY JOGGER City Tour 2 Car Seat Adapter For City Go / Graco - Black - Black,Travel Systems & Adapters,stroller adapter,54.99,https://www.awin1.com/cread.php?awinmid=75150&awinaffid=2588613&ued=https%3A%2F%2Fwww.anbbaby.com%2Fproducts%2Fcity-tour-2-car-seat-adapter-for-city-go-graco%3Fvariant%3D49935881339166,https://cdn.shopify.com/s/files/1/0030/3949/4244/files/BABY_JOGGER_City_Tour_2_Car_Seat_Adapter_For_City_Go_Graco-Black_1.jpg?v=1752790543,t
cmqu9drwn001o6byelkh1o06f,awin_anbbaby,Baby Jogger,BABY JOGGER City Tour™ LUX Car Seat Adapter For Maxi Cosi / Cybex,Travel Systems & Adapters,stroller adapter,34.99,https://www.awin1.com/cread.php?awinmid=75150&awinaffid=2588613&ued=https%3A%2F%2Fwww.anbbaby.com%2Fproducts%2Fcity-tour-lux-car-seat-adapter-for-maxi-cosi-cybex%3Fvariant%3D31252724613206,https://cdn.shopify.com/s/files/1/0030/3949/4244/files/baby-jogger-city-tour-lux-car-seat-adapter-for-maxi-cosi-cybexbj2042957anb-babyanb-baby-822388.jpg?v=1739539045,t
cmqx4ktdx00ji3a8u45e5mpnv,shopify_macrobaby,Baby Jogger,Baby Jogger - Graco Car Seat Adapter City Mini 2 & City Mini GT2 Double Stroller,Travel Systems & Adapters,stroller adapter,49.99,https://www.macrobaby.com/products/baby-jogger-graco-car-seat-adapter-city-mini-2-city-mini-gt2-double-stroller?_j=taylormadebabyco.com,https://cdn.shopify.com/s/files/1/0325/7932/1915/files/baby-jogger-graco-car-seat-adapter-city-mini-2-city-mini-gt2-double-stroller_image_1.jpg?v=1774717903,t
cmqu9dlar00106byep7v0zvrr,awin_anbbaby,Baby Jogger,"Baby Jogger Maxi-Cosi Car Seat Adapter, City Mini 2, City Mini GT2 - Black",Travel Systems & Adapters,stroller adapter,49.99,https://www.awin1.com/cread.php?awinmid=75150&awinaffid=2588613&ued=https%3A%2F%2Fwww.anbbaby.com%2Fproducts%2Fcity-mini-2-gt-2-maxi-cosi-car-seat-adapter%3Fvariant%3D49919751749918,https://cdn.shopify.com/s/files/1/0030/3949/4244/files/Baby_Jogger_Maxi-Cosi_Car_Seat_Adapter_City_Mini_2_City_Mini_GT2_1.jpg?v=1752790799,t
cmqu9d6t3000f6byegtl5zwoo,awin_anbbaby,Baby Jogger,Baby Jogger Vue Car Seat Adapter - Cybex,Travel Systems & Adapters,stroller adapter,12,https://www.awin1.com/cread.php?awinmid=75150&awinaffid=2588613&ued=https%3A%2F%2Fwww.anbbaby.com%2Fproducts%2Fbaby-jogger-car-seat-adapter-single-multi-model-vue-single%3Fvariant%3D16411949400164,https://cdn.shopify.com/s/files/1/0030/3949/4244/files/BABY-JOGGER-Vue-Car-Seat-Adapter---Cybex_1.jpg?v=1747763910,t
cmqx6lpzf001l3ld48cigybxh,shopify_macrobaby,BOB,BOB - Wayfinder Universal Infant Car Seat Adapter,Travel Systems & Adapters,stroller adapter,59.99,https://www.macrobaby.com/products/bob-wayfinder-universal-infant-car-seat-adapter?_j=taylormadebabyco.com,https://cdn.shopify.com/s/files/1/0325/7932/1915/files/bob-wayfinder-universal-infant-car-seat-adapter_image_1.jpg?v=1773158007,t
cmqu9eoc200406byecxtcl6xe,awin_anbbaby,BOB Gear,Bob Duallie Infant Car Seat Adapter - Britax,Travel Systems & Adapters,stroller adapter,94.99,https://www.awin1.com/cread.php?awinmid=75150&awinaffid=2588613&ued=https%3A%2F%2Fwww.anbbaby.com%2Fproducts%2Fbritax-bob-duallie-infant-car-seat-adapter%3Fvariant%3D39376578379862,https://cdn.shopify.com/s/files/1/0030/3949/4244/files/bob-duallie-infant-car-seat-adapterbobs02984600anb-babyanb-baby-462389.jpg?v=1739549272,t
cmqu9eoo100436byek3waccgf,awin_anbbaby,BOB Gear,Bob Duallie Infant Car Seat Adapter - Chicco -- Available End Of June,Travel Systems & Adapters,stroller adapter,119.99,https://www.awin1.com/cread.php?awinmid=75150&awinaffid=2588613&ued=https%3A%2F%2Fwww.anbbaby.com%2Fproducts%2Fbritax-bob-duallie-infant-car-seat-adapter%3Fvariant%3D39376578412630,https://cdn.shopify.com/s/files/1/0030/3949/4244/files/bob-duallie-infant-car-seat-adapterbobs02984700anb-babyanb-baby-534291.jpg?v=1739549270,t
cmqu9eo21003x6byeegngo8ev,awin_anbbaby,BOB Gear,Bob Duallie Infant Car Seat Adapter - Graco,Travel Systems & Adapters,stroller adapter,119.99,https://www.awin1.com/cread.php?awinmid=75150&awinaffid=2588613&ued=https%3A%2F%2Fwww.anbbaby.com%2Fproducts%2Fbritax-bob-duallie-infant-car-seat-adapter%3Fvariant%3D39376578347094,https://cdn.shopify.com/s/files/1/0030/3949/4244/files/bob-duallie-infant-car-seat-adapterbobs02984500anb-babyanb-baby-177151.jpg?v=1739549267,t
cmqu9eceh002r6bye56wav42e,awin_anbbaby,BOB Gear,BOB Gear Single Jogging Stroller Adapter for Britax Infant Car Seats - Gray,Travel Systems & Adapters,stroller adapter,79.99,https://www.awin1.com/cread.php?awinmid=75150&awinaffid=2588613&ued=https%3A%2F%2Fwww.anbbaby.com%2Fproducts%2Fbob-gear-single-jogging-stroller-adapter-for-britax-infant-car-seats%3Fvariant%3D49994897981726,https://cdn.shopify.com/s/files/1/0030/3949/4244/files/bob-gear-single-jogging-stroller-adapter-for-britax-infant-car-seatsbobs12045300anb-babyanb-baby-643318.jpg?v=1739591567,t
cmqu9edch00306bye7ulln1dy,awin_anbbaby,BOB Gear,BOB Gear Single Jogging Stroller Adapter for Chicco Infant Car Seats - Gray -- Available End Of June,Travel Systems & Adapters,stroller adapter,99.99,https://www.awin1.com/cread.php?awinmid=75150&awinaffid=2588613&ued=https%3A%2F%2Fwww.anbbaby.com%2Fproducts%2Fbob-gear-single-jogging-stroller-adapter-for-chicco-infant-car-seats%3Fvariant%3D49994901750046,https://cdn.shopify.com/s/files/1/0030/3949/4244/files/bob-gear-single-jogging-stroller-adapter-for-chicco-infant-car-seatsbobs12045900anb-babyanb-baby-521181.jpg?v=1739545925,t
cmqu9eco8002u6byewl5ujwd8,awin_anbbaby,BOB Gear,BOB Gear Single Jogging Stroller Adapter for Graco Infant Car Seats - Gray -- Available End Of June,Travel Systems & Adapters,stroller adapter,99.99,https://www.awin1.com/cread.php?awinmid=75150&awinaffid=2588613&ued=https%3A%2F%2Fwww.anbbaby.com%2Fproducts%2Fbob-gear-single-jogging-stroller-adapter-for-graco-infant-car-seats%3Fvariant%3D49994901487902,https://cdn.shopify.com/s/files/1/0030/3949/4244/files/bob-gear-single-jogging-stroller-adapter-for-graco-infant-car-seatsbobs12045400anb-babyanb-baby-950024.jpg?v=1739546564,t
cmqu9ed11002x6bye9vi0bbuf,awin_anbbaby,BOB Gear,BOB Gear Single Jogging Stroller Adapter for Peg Perego Infant Car Seats - Gray -- Available End Of June,Travel Systems & Adapters,stroller adapter,79.99,https://www.awin1.com/cread.php?awinmid=75150&awinaffid=2588613&ued=https%3A%2F%2Fwww.anbbaby.com%2Fproducts%2Fbob-gear-single-jogging-stroller-adapter-for-peg-perego-infant-car-seats%3Fvariant%3D49994901979422,https://cdn.shopify.com/s/files/1/0030/3949/4244/files/bob-gear-single-jogging-stroller-adapter-for-peg-perego-infant-car-seatsbobs12045500anb-babyanb-baby-652680.jpg?v=1739545911,t
cmqphld7001ludqwr2n31ttqy,babylist_impact,BOB Gear,BOB Gear Single Jogging Stroller Adapter for Select Britax Infant Car Seats in Black,Travel Systems & Adapters,stroller adapter,94.99,https://babylist.pxf.io/c/6560395/1160375/13580?prodsku=2019285&u=https%3A%2F%2Fwww.babylist.com%2Fgp%2Fbob-gear-single-jogging-stroller-adapter-for-select-britax-infant-car-seats%2F54205%2F2019285&intsrc=CATF_8981,https://images.ctfassets.net/50gzycvace50/57e47ffc0876404d2c25a8489ec13823dc34a42812577a090044c36bf7f21839/dafb6935c55b256adbcd5bd768eb7e7d/57e47ffc0876404d2c25a8489ec13823dc34a42812577a090044c36bf7f21839.png?fl=progressive&fm=jpg&bg=rgb:fafafa&w=620&h=620,t
cmqphldpg01m0dqwrov7tqsoe,babylist_impact,BOB Gear,BOB Gear Wayfinder Universal Infant Car Seat Adapter in Black,Travel Systems & Adapters,infant car seat adapter,59.99,https://babylist.pxf.io/c/6560395/1160375/13580?prodsku=1627980&u=https%3A%2F%2Fwww.babylist.com%2Fgp%2Fbob-gear-wayfinder-universal-infant-car-seat-adapter%2F42124%2F1627980&intsrc=CATF_8981,https://images.ctfassets.net/50gzycvace50/70ae7155578955e8fc5d17300bbd8a9bef60b94fe3c1a4567d22cfd071e16918/46b3b5b9e046dce1381d81466cc2136f/70ae7155578955e8fc5d17300bbd8a9bef60b94fe3c1a4567d22cfd071e16918.png?fl=progressive&fm=jpg&bg=rgb:fafafa&w=620&h=620,t
cmr4c3kzu0004n624g5srwvcg,manual_tmbc,Bombi,Bombi Bēbee V3 Car Seat Adapter Straps,Travel Systems & Adapters,car seat adapter,,https://bombigear.com/products/stroller-car-seat-adapter-straps-v2,https://bombigear.com/cdn/shop/files/V3_black_zipped.png?height=1024&v=1775245744&width=1024,t
cmqu9edxw00336bye3xahvjvm,awin_anbbaby,Britax,Britax B-Lively Double Stroller Infant Car Seat Adapter & Child Tray Kit,Travel Systems & Adapters,stroller adapter,89.99,https://www.awin1.com/cread.php?awinmid=75150&awinaffid=2588613&ued=https%3A%2F%2Fwww.anbbaby.com%2Fproducts%2Fbritax-b-lively-double-stroller-infant-car-seat-adapter-child-tray-kit%3Fvariant%3D33469744644182,https://cdn.shopify.com/s/files/1/0030/3949/4244/files/britax-b-lively-double-stroller-infant-car-seat-adapter-child-tray-kitbris11277000anb-babyanb-baby-316276.jpg?v=1739546386,t
cmqu9ems4003u6byetvvf9dan,awin_anbbaby,Bugaboo,"Bugaboo Bee Adapter for Turtle One / Maxi Cosi Car Seats, Black",Travel Systems & Adapters,stroller adapter,59.95,https://www.awin1.com/cread.php?awinmid=75150&awinaffid=2588613&ued=https%3A%2F%2Fwww.anbbaby.com%2Fproducts%2Fbugaboo-bee-adapter-for-turtle-one-maxi-cosi-car-seats-black%3Fvariant%3D39349178368086,https://cdn.shopify.com/s/files/1/0030/3949/4244/files/bugaboo-bee-adapter-for-turtle-one-maxi-cosi-car-seats-blackbug85510mc01-anbanb-babyanb-baby-858183.jpg?v=1739548039,t
cmqx4l3un00mr3a8u5z2200ro,shopify_macrobaby,Bugaboo,Bugaboo - Butterfly 2 Car Seat Adapters,Travel Systems & Adapters,stroller adapter,69.95,https://www.macrobaby.com/products/bugaboo-butterfly-2-car-seat-adapters?_j=taylormadebabyco.com,https://cdn.shopify.com/s/files/1/0325/7932/1915/files/bugaboo-butterfly-2-car-seat-adapters_image_1.jpg?v=1775330543,t
cmqphmlpi01zrdqwr6n3gxeqm,babylist_impact,Bugaboo,Bugaboo Butterfly 2 Car Seat Adapters in Black,Travel Systems & Adapters,stroller adapter,69.95,https://babylist.pxf.io/c/6560395/1160375/13580?prodsku=2514339&u=https%3A%2F%2Fwww.babylist.com%2Fgp%2Fbugaboo-butterfly-2-car-seat-adapters%2F74827%2F2514339&intsrc=CATF_8981,https://images.ctfassets.net/50gzycvace50/dd288435eb3cd78d5e40f212e9c1e394db1db2c002f557c125ce3a8b9beec4ae/f3142d6878b7d66d2a73706fa428f31e/dd288435eb3cd78d5e40f212e9c1e394db1db2c002f557c125ce3a8b9beec4ae.png?fl=progressive&fm=jpg&bg=rgb:fafafa&w=620&h=620,t
cmqphmnbz0209dqwr1upu4boe,babylist_impact,Bugaboo,Bugaboo Butterfly 2 Tray Adapter in Black,Travel Systems & Adapters,stroller adapter,16.95,https://babylist.pxf.io/c/6560395/1160375/13580?prodsku=2514341&u=https%3A%2F%2Fwww.babylist.com%2Fgp%2Fbugaboo-butterfly-2-tray-adapter%2F74829%2F2514341&intsrc=CATF_8981,https://images.ctfassets.net/50gzycvace50/27913f717a8271722fd9f3f687d4e0376b9720dc2ca7af91fbc227fc963e403a/1fe987c12fb66ff48eed9a0a1613a586/27913f717a8271722fd9f3f687d4e0376b9720dc2ca7af91fbc227fc963e403a.png?fl=progressive&fm=jpg&bg=rgb:fafafa&w=620&h=620,t
cmqx4l4dr00mx3a8uc66vl65t,shopify_macrobaby,Bugaboo,"Bugaboo Donkey Adapter For Select Maxi Cosi Car Seats and Turtle, Mono",Travel Systems & Adapters,stroller adapter,79.95,https://www.macrobaby.com/products/bugaboo-donkey-adapter-for-select-maxi-cosi-car-seats-mono?_j=taylormadebabyco.com,https://cdn.shopify.com/s/files/1/0325/7932/1915/products/e990d103f36352370f60ec3ff2564189.jpg?v=1772128212,t
cmr5bd3fd0000iulwjn7dltv3,babylist_impact,Bugaboo,Bugaboo Donkey Mono & Duo Car Seat Adapter (Maxi-Cosi / Nuna) - Donkey 3 / Donkey 5 Mono,Travel Systems & Adapters,car seat adapter,79.95,https://babylist.pxf.io/c/6560395/1056628/13580?u=https%3A%2F%2Fwww.babylist.com%2Fgp%2Fbugaboo-donkey-mono-and-duo-adapter-for-turtle-one-maxi-cosi-car-seats%2F21895%2F762793&partnerpropertyid=7490466,https://images.ctfassets.net/50gzycvace50/2b97a684a9220a0ea4b9d7cd489c087dcc34bf36615a9b870215e1ee42498e6d/baee1681e5c48128e9cf6b1dbe4ae144/2b97a684a9220a0ea4b9d7cd489c087dcc34bf36615a9b870215e1ee42498e6d.png?fl=progressive&fm=jpg&bg=rgb:fafafa&w=1240&h=1240,t
cmqx4l44a00mu3a8us5kq1zcs,shopify_macrobaby,Bugaboo,Bugaboo - Donkey Twin Car Seat Adapter for Turtle/Nuna/Maxi-Cosi,Travel Systems & Adapters,stroller adapter,99.95,https://www.macrobaby.com/products/bugaboo-donkey-adapter-for-select-maxi-cosi-car-seats-twin?_j=taylormadebabyco.com,https://cdn.shopify.com/s/files/1/0325/7932/1915/files/bugaboo-donkey-adapter-for-select-maxi-cosi-car-seats-twin_image_1.jpg?v=1775084646,t
cmqphmu1y022cdqwri8hhxqpc,babylist_impact,Bugaboo,Bugaboo Dragonfly Adapter for Stand in Black,Travel Systems & Adapters,stroller adapter,39.95,https://babylist.pxf.io/c/6560395/1160375/13580?prodsku=1556456&u=https%3A%2F%2Fwww.babylist.com%2Fgp%2Fbugaboo-dragonfly-adapter-for-bugaboo-stand%2F39934%2F1556456&intsrc=CATF_8981,https://images.ctfassets.net/50gzycvace50/ed54af29f678b4dea93fd91972535c93f3b4a5b866ce0dc20ca7d5f5083b257b/f7f0f391317997abf13c5aef80587991/ed54af29f678b4dea93fd91972535c93f3b4a5b866ce0dc20ca7d5f5083b257b.png?fl=progressive&fm=jpg&bg=rgb:fafafa&w=620&h=620,t
cmqx4l4n500n03a8u5ip6xbv8,shopify_macrobaby,Bugaboo,Bugaboo - Dragonfly Car Seat Adapter for Maxi Cosi/Cybex/Nuna,Travel Systems & Adapters,stroller adapter,69.95,https://www.macrobaby.com/products/bugaboo-dragonfly-car-seat-adapter-for-maxi-cosi-cybex-nuna?_j=taylormadebabyco.com,https://cdn.shopify.com/s/files/1/0325/7932/1915/files/bugaboo-dragonfly-car-seat-adapter-for-maxi-cosi-cybex-nuna_image_1.jpg?v=1775504091,t
cmqphmv44022odqwruvedrmyc,babylist_impact,Bugaboo,Bugaboo Dragonfly / Dragonfly Plus Car Seat Adapters,Travel Systems & Adapters,car seat adapter,69.95,https://babylist.pxf.io/c/6560395/1056628/13580?u=https%3A%2F%2Fwww.babylist.com%2Fgp%2Fbugaboo-dragonfly-car-seat-adapters%2F39932%2F1556451&partnerpropertyid=7490466,https://images.ctfassets.net/50gzycvace50/5b5a546adba0afdb55488ea56539dc2d2dcf6150e279d0554a5c73e4f767aa1a/aed472d42a0a5e07a42795c00d748e81/5b5a546adba0afdb55488ea56539dc2d2dcf6150e279d0554a5c73e4f767aa1a.png?fl=progressive&fm=jpg&bg=rgb:fafafa&w=1240&h=1240,t
cmqphn6dz0266dqwrep9xl74m,babylist_impact,Bugaboo,Bugaboo Kangaroo Upper Newborn Adapter,Travel Systems & Adapters,stroller adapter,39,https://babylist.pxf.io/c/6560395/1160375/13580?prodsku=2116007&u=https%3A%2F%2Fwww.babylist.com%2Fgp%2Fbugaboo-kangaroo-upper-newborn-adapter%2F56786%2F2116007&intsrc=CATF_8981,https://images.ctfassets.net/50gzycvace50/939762971eda740b30a9eb41101e1a38be786bb9790f95da0b3fa3c68a17a10d/f80f81a4604d1bbe6ca59f848b42343e/939762971eda740b30a9eb41101e1a38be786bb9790f95da0b3fa3c68a17a10d.png?fl=progressive&fm=jpg&bg=rgb:fafafa&w=620&h=620,t
cmqu9e1qx00296byeyj8mkby2,awin_anbbaby,Bumbleride,BUMBLERIDE Era Car Seat Adapter - Maxi Cosi / Cybex / Nuna / Clek,Travel Systems & Adapters,stroller adapter,45,https://www.awin1.com/cread.php?awinmid=75150&awinaffid=2588613&ued=https%3A%2F%2Fwww.anbbaby.com%2Fproducts%2Fbumbleride-era-car-seat-adapter-maxi-cosi-cybex-nuna-clek%3Fvariant%3D32372733050966,https://cdn.shopify.com/s/files/1/0030/3949/4244/files/bumbleride-era-car-seat-adapter-maxi-cosi-cybex-nuna-clekbummnce11anb-babyanb-baby-222352.jpg?v=1739541974,t
cmr2gpdem0009dm5jhmt4dkj8,manual_tmbc,Bumbleride,Bumbleride Era Car Seat Adapter (Maxi-Cosi / Cybex / Nuna / Clek),Travel Systems & Adapters,car seat adapter,,https://bumbleride.com/products/era-car-seat-adapter-maxi-cosi-cybex-nuna-clek,,t
cmqphnbgw027rdqwrna1lc2bb,babylist_impact,Bumbleride,Bumbleride Era Car Seat Adapter Maxi Cosi/Cybex/Nuna/Clek,Travel Systems & Adapters,infant car seat adapter,65,https://babylist.pxf.io/c/6560395/1160375/13580?prodsku=2719370&u=https%3A%2F%2Fwww.babylist.com%2Fgp%2Fbumbleride-era-car-seat-adapter-maxi-cosi-cybex-nuna-clek%2F77689%2F2719370&intsrc=CATF_8981,https://images.ctfassets.net/50gzycvace50/0c32903414c3d1e946edd045f94d5496bcaff551977fb779d79856bc142480ab/606c821db684ff2df3119ee1d8f07a8c/0c32903414c3d1e946edd045f94d5496bcaff551977fb779d79856bc142480ab.png?fl=progressive&fm=jpg&bg=rgb:fafafa&w=620&h=620,t
cmqphngnk029cdqwrrldofntt,babylist_impact,Bumbleride,Bumbleride Indie/Speed Adapter,Travel Systems & Adapters,stroller adapter,65,https://babylist.pxf.io/c/6560395/1160375/13580?prodsku=2719378&u=https%3A%2F%2Fwww.babylist.com%2Fgp%2Fbumbleride-indie-speed-adapter-maxi-cosi-nuna-cybex-clek%2F77691%2F2719378&intsrc=CATF_8981,https://images.ctfassets.net/50gzycvace50/47df9d796dc83be785b0dab16720dd590011c9d30f8a95ea6d1faa3f73cae648/cf8422e90dcb5b1d62405e775794a52b/47df9d796dc83be785b0dab16720dd590011c9d30f8a95ea6d1faa3f73cae648.png?fl=progressive&fm=jpg&bg=rgb:fafafa&w=620&h=620,t
cmqu9e22y002c6byesw2ihb6i,awin_anbbaby,Bumbleride,BUMBLERIDE Indie / Speed Adapter - Maxi Cosi / Nuna / Cybex / Clek,Travel Systems & Adapters,stroller adapter,49,https://www.awin1.com/cread.php?awinmid=75150&awinaffid=2588613&ued=https%3A%2F%2Fwww.anbbaby.com%2Fproducts%2Fbumbleride-indie-speed-adapter-maxi-cosi-nuna-cybex-clek%3Fvariant%3D32471624581206,https://cdn.shopify.com/s/files/1/0030/3949/4244/files/bumbleride-indie-speed-adapter-maxi-cosi-nuna-cybex-clekbummncl25banb-babyanb-baby-490556.jpg?v=1739542086,t
cmqu9e2ox002i6byecvzy7aq6,awin_anbbaby,Bumbleride,BUMBLERIDE Indie Twin Adapter SET – Maxi Cosi / Cybex / Nuna / Clek,Travel Systems & Adapters,stroller adapter,89,https://www.awin1.com/cread.php?awinmid=75150&awinaffid=2588613&ued=https%3A%2F%2Fwww.anbbaby.com%2Fproducts%2Fbumbleride-indie-twin-adapter-set-maxi-cosi-cybex-nuna-clek%3Fvariant%3D32471827382358,https://cdn.shopify.com/s/files/1/0030/3949/4244/files/bumbleride-indie-twin-adapter-set-maxi-cosi-cybex-nuna-clek-available-novemberbummnct04banb-babyanb-baby-346256.jpg?v=1739579886,t
cmqu9e2es002f6bye6juh9sk6,awin_anbbaby,Bumbleride,BUMBLERIDE Indie Twin Adapter Single – Maxi Cosi / Cybex / Clek / Nuna,Travel Systems & Adapters,stroller adapter,49,https://www.awin1.com/cread.php?awinmid=75150&awinaffid=2588613&ued=https%3A%2F%2Fwww.anbbaby.com%2Fproducts%2Findie-twin-adapter-single-maxi-cosi-cybex-clek-nuna%3Fvariant%3D32471710302294,https://cdn.shopify.com/s/files/1/0030/3949/4244/files/bumbleride-indie-twin-adapter-single-maxi-cosi-cybex-clek-nunabummnct03banb-babyanb-baby-436075.jpg?v=1739542075,t
cmr2gpdjh000cdm5j11bh1j9r,manual_tmbc,Bumbleride,Bumbleride Indie Twin Car Seat Adapter (Maxi-Cosi / Cybex / Nuna / Clek),Travel Systems & Adapters,car seat adapter,,https://www.amazon.com/dp/B0DJ3F2N2W?tag=taylormadebab-20,,t
cmqphne97028ldqwrthlwd97h,babylist_impact,Bumbleride,"Bumbleride Indie Twin Car Seat Adapter, Set",Travel Systems & Adapters,infant car seat adapter,110,https://babylist.pxf.io/c/6560395/1160375/13580?prodsku=2230680&u=https%3A%2F%2Fwww.babylist.com%2Fgp%2Fbumbleride-indie-twin-car-seat-adapter-set%2F65697%2F2230680&intsrc=CATF_8981,https://images.ctfassets.net/50gzycvace50/837e9b1d7c4d21cbba27ab0a7bbca940e0538fe626224a4317dc249b6ab9caaf/c268a69a27da764d7f2bd9fd62f772cb/837e9b1d7c4d21cbba27ab0a7bbca940e0538fe626224a4317dc249b6ab9caaf.png?fl=progressive&fm=jpg&bg=rgb:fafafa&w=620&h=620,t
cmqphneis028odqwrnrc6rxqo,babylist_impact,Bumbleride,"Bumbleride Indie Twin Car Seat Adapter, Single",Travel Systems & Adapters,infant car seat adapter,65,https://babylist.pxf.io/c/6560395/1160375/13580?prodsku=2230678&u=https%3A%2F%2Fwww.babylist.com%2Fgp%2Fbumbleride-indie-twin-car-seat-adapter-single%2F65696%2F2230678&intsrc=CATF_8981,https://images.ctfassets.net/50gzycvace50/28201f43214b4ae56cb7e8f1b3ddf336376f6fbf395a153c0a3e610c97a971c0/fe0a753a4d8940d33de8f3daab68a769/28201f43214b4ae56cb7e8f1b3ddf336376f6fbf395a153c0a3e610c97a971c0.png?fl=progressive&fm=jpg&bg=rgb:fafafa&w=620&h=620,t
cmqu9ee7x00366byesb0hgpfh,awin_anbbaby,Bumbleride,Bumbleride Single Car Seat Adapter - Peg Perego,Travel Systems & Adapters,stroller adapter,49,https://www.awin1.com/cread.php?awinmid=75150&awinaffid=2588613&ued=https%3A%2F%2Fwww.anbbaby.com%2Fproducts%2Fbumbleride-single-car-seat-adapter-peg-perego%3Fvariant%3D33497797296214,https://cdn.shopify.com/s/files/1/0030/3949/4244/files/bumbleride-single-car-seat-adapter-peg-peregobumpeg15anb-babyanb-baby-692893.jpg?v=1739546744,t
cmqu9d7fa000l6byeirp8r0h5,awin_anbbaby,Bumbleride,BUMBLERIDE Single Stroller Car Seat Adapter - Graco / Chicco,Travel Systems & Adapters,stroller adapter,65,https://www.awin1.com/cread.php?awinmid=75150&awinaffid=2588613&ued=https%3A%2F%2Fwww.anbbaby.com%2Fproducts%2Fsingle-car-seat-adapter-graco-chicco%3Fvariant%3D16412288811108,https://cdn.shopify.com/s/files/1/0030/3949/4244/files/BUMBLERIDE_Single_Stroller_Car_Seat_Adapter_-_Graco_Chicco_Main.jpg?v=1742897079,t
cmqphnhg2029ldqwr3edq6hji,babylist_impact,Bumbleride,Bumbleride Single Stroller Car Seat Adapter (Graco / Chicco) - Era / Indie / Speed,Travel Systems & Adapters,car seat adapter,65,https://babylist.pxf.io/c/6560395/1056628/13580?u=https%3A%2F%2Fwww.babylist.com%2Fgp%2Fbumbleride-single-stroller-car-seat-adapter%2F37555%2F1398655&partnerpropertyid=7490466,https://images.ctfassets.net/50gzycvace50/4d7c3cd77de2ceb3144619ca1e31d1a8e1388f541758462dfb6d978d59d94c95/6b1308cd85c6610e2c4b99e018c335d9/4d7c3cd77de2ceb3144619ca1e31d1a8e1388f541758462dfb6d978d59d94c95.png?fl=progressive&fm=jpg&bg=rgb:fafafa&w=1240&h=1240,t
cmqphrmjk03kcdqwro8a8kkfz,babylist_impact,Chicco,"""Chicco Corso Flex Infant Car Seat Adapter/Basket in Black Size 17.8"""" x 16.8"""" x 10.5"""" | 100% Polyester""",Travel Systems & Adapters,infant car seat adapter,64.99,https://babylist.pxf.io/c/6560395/1160375/13580?prodsku=1883190&u=https%3A%2F%2Fwww.babylist.com%2Fgp%2Fchicco-corso-flex-infant-car-seat-adapter-basket%2F47009%2F1883190&intsrc=CATF_8981,https://images.ctfassets.net/50gzycvace50/06b65bf1a81fe0a670282b31b04755353eed318e7980afcd1de9e5b5d6d7ae63/214af0863ad193b4e524aa2447722b26/06b65bf1a81fe0a670282b31b04755353eed318e7980afcd1de9e5b5d6d7ae63.png?fl=progressive&fm=jpg&bg=rgb:fafafa&w=620&h=620,t
cmqu9ep9m00466byeweto80k8,awin_anbbaby,Clek,Clek Liing / Liingo Car Seat Adapter for UPPAbaby Vista & Cruz - Black,Travel Systems & Adapters,stroller adapter,39.99,https://www.awin1.com/cread.php?awinmid=75150&awinaffid=2588613&ued=https%3A%2F%2Fwww.anbbaby.com%2Fproducts%2Fclek-liing-liingo-car-seat-adapter-for-uppababy-vista-cruz%3Fvariant%3D39384441520214,https://cdn.shopify.com/s/files/1/0030/3949/4244/files/clek-liing-liingo-car-seat-adapter-for-uppababy-vista-cruzcleaxlcsaubanb-babyanb-baby-346185.jpg?v=1739548980,t
cmqphu4pt04cidqwr8om9j52k,babylist_impact,Cybex,Cybex Adapter CS Eezy S Line,Travel Systems & Adapters,stroller adapter,49.95,https://babylist.pxf.io/c/6560395/1160375/13580?prodsku=283295&u=https%3A%2F%2Fwww.babylist.com%2Fgp%2Fcybex-adapter-cs-eezy-s-line%2F15476%2F283295&intsrc=CATF_8981,https://images.ctfassets.net/50gzycvace50/799961b21d8ce4d5055b95757d188e4111cd61fc9ce2311ff7029996e6433d0e/c957327bd7249913489db8b00cc49f3c/799961b21d8ce4d5055b95757d188e4111cd61fc9ce2311ff7029996e6433d0e.png?fl=progressive&fm=jpg&bg=rgb:fafafa&w=620&h=620,t
cmqu9f3tj004c6byemoodn39n,awin_anbbaby,Cybex,Cybex Avi Jogging Stroller Car Seat Adapter,Travel Systems & Adapters,stroller adapter,49.95,https://www.awin1.com/cread.php?awinmid=75150&awinaffid=2588613&ued=https%3A%2F%2Fwww.anbbaby.com%2Fproducts%2Fcybex-avi-jogging-stroller-car-seat-adapter%3Fvariant%3D39495029817430,https://cdn.shopify.com/s/files/1/0030/3949/4244/files/Cybex_Avi_Jogging_Stroller_Car_Seat_Adapter_Main.jpg?v=1739581076,t
cmqu9e78p002l6byeychygg4t,awin_anbbaby,Cybex,"Cybex Gazelle S Car Seat Adapter for Graco, Chicco, and Peg Perego",Travel Systems & Adapters,stroller adapter,79.95,https://www.awin1.com/cread.php?awinmid=75150&awinaffid=2588613&ued=https%3A%2F%2Fwww.anbbaby.com%2Fproducts%2Fcybex-gazelle-s-graco-chicco-peg-perego-adapter%3Fvariant%3D33374978408534,https://cdn.shopify.com/s/files/1/0030/3949/4244/files/cybex-gazelle-s-graco-chiccopeg-perego-adaptercyb520003841anb-babyanb-baby-769048.jpg?v=1739579968,t
cmqphuquo04jfdqwr87j3s6ev,babylist_impact,Cybex,Cybex Gazelle S Infant Car Seat Adapter (Graco / Chicco / Peg Perego),Travel Systems & Adapters,car seat adapter,79.95,https://babylist.pxf.io/c/6560395/1056628/13580?u=https%3A%2F%2Fwww.babylist.com%2Fgp%2Fcybex-gazelle-s-infant-car-seat-adapter%2F26553%2F851066&partnerpropertyid=7490466,https://images.ctfassets.net/50gzycvace50/6e70e69952b98fc22b2e5868d4d06bc1a4a32130b4d0eb0ae4c0ae2a3303a436/5c16c602ba82cccdc0a38e5d579e2bfa/6e70e69952b98fc22b2e5868d4d06bc1a4a32130b4d0eb0ae4c0ae2a3303a436.png?fl=progressive&fm=jpg&bg=rgb:fafafa&w=1240&h=1240,t
cmqphur3x04jidqwrpdmmy7xx,babylist_impact,Cybex,Cybex Gazelle S Infant Car Seat Adapter in Britax,Travel Systems & Adapters,infant car seat adapter,79.95,https://babylist.pxf.io/c/6560395/1160375/13580?prodsku=1262649&u=https%3A%2F%2Fwww.babylist.com%2Fgp%2Fcybex-gazelle-s-infant-car-seat-adapter%2F26553%2F1262649&intsrc=CATF_8981,https://images.ctfassets.net/50gzycvace50/e6a570711ab50c554a2c00472259a1c248ea4158db46ace97d053cf026440fd6/f601fe4e7fa6eb6854e883bdd98f06dc/e6a570711ab50c554a2c00472259a1c248ea4158db46ace97d053cf026440fd6.png?fl=progressive&fm=jpg&bg=rgb:fafafa&w=620&h=620,t
cmqphurdj04jldqwrs6jnmfep,babylist_impact,Cybex,Cybex Gazelle S Infant Car Seat Adapter in Cybex/Maxi Cosi/Nuna Cybex/Maxi Cosi/Nuna/Clek,Travel Systems & Adapters,infant car seat adapter,79.95,https://babylist.pxf.io/c/6560395/1160375/13580?prodsku=1262650&u=https%3A%2F%2Fwww.babylist.com%2Fgp%2Fcybex-gazelle-s-infant-car-seat-adapter%2F26553%2F1262650&intsrc=CATF_8981,https://images.ctfassets.net/50gzycvace50/816bdda2ce2e51cd7d0339f2891decbee65417d858f4c346ac56a6682e4fa982/0e22d002330aabe26be289285877a87e/816bdda2ce2e51cd7d0339f2891decbee65417d858f4c346ac56a6682e4fa982.png?fl=progressive&fm=jpg&bg=rgb:fafafa&w=620&h=620,t
cmqx4jyi0009x3a8u3pz8n601,shopify_macrobaby,Cybex,Cybex - Gold Gazelle S Stroller Car Seat Adapter for Graco/Chicco/Peg Perego,Travel Systems & Adapters,stroller adapter,79.95,https://www.macrobaby.com/products/cybex-gold-gazelle-s-stroller-car-seat-adapter-for-graco-chicco-peg-perego?_j=taylormadebabyco.com,https://cdn.shopify.com/s/files/1/0325/7932/1915/files/cybex-gold-gazelle-s-stroller-car-seat-adapter-for-graco-chicco-peg-perego_image_1.jpg?v=1769216268,t
cmqphuwe804l6dqwr29cx3mob,babylist_impact,Cybex,Cybex LEMO 2 Adapter Set in Light Grey,Travel Systems & Adapters,stroller adapter,49.95,https://babylist.pxf.io/c/6560395/1160375/13580?prodsku=1511420&u=https%3A%2F%2Fwww.babylist.com%2Fgp%2Fcybex-lemo-2-adapter-set%2F38584%2F1511420&intsrc=CATF_8981,https://images.ctfassets.net/50gzycvace50/45cf2b4a49b6a4f700c4b4d109d8882209ca1810dbc494dbcc02ffe27b5d3241/9f725f261c5edaa2e4ed9f626c92611b/45cf2b4a49b6a4f700c4b4d109d8882209ca1810dbc494dbcc02ffe27b5d3241.png?fl=progressive&fm=jpg&bg=rgb:fafafa&w=620&h=620,t
cmrdwva7l00047tmanrwp2cc8,manual_tmbc,CYBEX,CYBEX Platinum Comfort Collection,Travel Systems & Adapters,Travel Systems & Adapters,,https://babylist.pxf.io/c/6560395/1056628/13580?u=https%3A%2F%2Fwww.babylist.com%2Fgp%2Fcybex-priam-comfort-stroller%2F82563%2F3045817&partnerpropertyid=7490466,https://encrypted-tbn0.gstatic.com/images?q=tbn:ANd9GcTRlvjyjGBxUOs4XJt5NtcCNmh7V1OGzHtM3rPYfnK_Ng&s=10,t
cmrdwvb3i000l7tmas5n0e5so,manual_tmbc,CYBEX,CYBEX Platinum Fold Lux Carry Cot Collection,Travel Systems & Adapters,Travel Systems & Adapters,,https://babylist.pxf.io/c/6560395/1056628/13580?u=https%3A%2F%2Fwww.babylist.com%2Fgp%2Fcybex-priam-fold-lux-carry-cot%2F82591%2F3208391&partnerpropertyid=7490466,https://cdn.shopify.com/s/files/1/1149/0150/files/Main_Blog_Image_30_283f6e69-b646-454c-ab83-43cfc84b2655.jpg?v=1775088952,t
cmqx6mbr3002x3ld4xvkjvwj5,shopify_macrobaby,DFY,DFY - R1 Car Seat Adapters Black,Travel Systems & Adapters,stroller adapter,45,https://www.macrobaby.com/products/dfy-r1-car-seat-adapters-black?_j=taylormadebabyco.com,https://cdn.shopify.com/s/files/1/0325/7932/1915/files/dfy-r1-car-seat-adapters-black_image_1.jpg?v=1777919929,t
cmqphxldx05fidqwr1gqztzuy,babylist_impact,DFY,DFY R1 Car Seat Adapters in Black,Travel Systems & Adapters,stroller adapter,45,https://babylist.pxf.io/c/6560395/1160375/13580?prodsku=2473753&u=https%3A%2F%2Fwww.babylist.com%2Fgp%2Fdfy-r1-car-seat-adapters%2F74210%2F2473753&intsrc=CATF_8981,https://images.ctfassets.net/50gzycvace50/ca70d8586d933ba7709d752de5d7bb9679da9e846c2733bab70aa57cd7bab668/ccfe9c396646fa33a7426006e9591f51/ca70d8586d933ba7709d752de5d7bb9679da9e846c2733bab70aa57cd7bab668.png?fl=progressive&fm=jpg&bg=rgb:fafafa&w=620&h=620,t
cmqx6m59m002c3ld4u0q96cnf,shopify_macrobaby,Ergobaby,"Metro 3 Car Seat Adapter, Nuna, Cybex, & Maxi-Cosi",Travel Systems & Adapters,stroller adapter,40,https://www.macrobaby.com/products/ergobaby-metro-3-car-seat-adapter?_j=taylormadebabyco.com,https://cdn.shopify.com/s/files/1/0325/7932/1915/files/ergobaby-metro-3-car-seat-adapter_image_1.jpg?v=1778861612,t
cmqpi1bzj06lodqwrm41ea2yx,babylist_impact,Frida Mom,Frida Mom Colostrum Collection Pump Adapter Set,Travel Systems & Adapters,stroller adapter,15.99,https://babylist.pxf.io/c/6560395/1160375/13580?prodsku=3055656&u=https%3A%2F%2Fwww.babylist.com%2Fgp%2Ffrida-mom-colostrum-collection-pump-adapter-set%2F81341%2F3055656&intsrc=CATF_8981,https://images.ctfassets.net/50gzycvace50/3f402a2a0ef3b3702392625bf105671a1f2d3117f736c8c681ff94bf2dfa7665/0d73c6d51e70a35d52afa6f73c44add6/3f402a2a0ef3b3702392625bf105671a1f2d3117f736c8c681ff94bf2dfa7665.png?fl=progressive&fm=jpg&bg=rgb:fafafa&w=620&h=620,t
cmqpi2d4f06x9dqwr2ykbs229,babylist_impact,Graco,Graco GoMax Infant Car Seat Base in Black,Travel Systems & Adapters,stroller adapter,119.99,https://babylist.pxf.io/c/6560395/1160375/13580?prodsku=2341260&u=https%3A%2F%2Fwww.babylist.com%2Fgp%2Fgraco-gomax-infant-car-seat-base%2F70482%2F2341260&intsrc=CATF_8981,https://images.ctfassets.net/50gzycvace50/9243edbbe8cf04c59852fd00419ff2776f473ca7de8a0a066a245ce2e6f186e9/e9061a07ad62273092148f7cf6fada32/9243edbbe8cf04c59852fd00419ff2776f473ca7de8a0a066a245ce2e6f186e9.png?fl=progressive&fm=jpg&bg=rgb:fafafa&w=620&h=620,t
cmqpi75pi08fxdqwry7a6ebdm,babylist_impact,Inglesina,Inglesina Quid³ Car Seat Adapter,Travel Systems & Adapters,infant car seat adapter,49,https://babylist.pxf.io/c/6560395/1160375/13580?prodsku=2514367&u=https%3A%2F%2Fwww.babylist.com%2Fgp%2Finglesina-quid-car-seat-adapter%2F74834%2F2514367&intsrc=CATF_8981,https://images.ctfassets.net/50gzycvace50/a045ecc99ba99733b3dc2f5c32606e92a57fb7f643fb39077b96c367b2b49df9/5e3607978b666bda36699acfdc39c919/a045ecc99ba99733b3dc2f5c32606e92a57fb7f643fb39077b96c367b2b49df9.png?fl=progressive&fm=jpg&bg=rgb:fafafa&w=620&h=620,t
cmqx6m0y2001x3ld4uhbjvbro,shopify_macrobaby,Inglesina,Inglesina - Quid³ Stroller Car Seat Adapter,Travel Systems & Adapters,stroller adapter,49,https://www.macrobaby.com/products/inglesina-quid-stroller-car-seat-adapter?_j=taylormadebabyco.com,https://cdn.shopify.com/s/files/1/0325/7932/1915/files/inglesina-quid-stroller-car-seat-adapter_image_1.jpg?v=1776189699,t
cmqpi93w0091xdqwr969lc658,babylist_impact,Joie,Joie ICS Car Seat Adapter for Mockingbird Stroller,Travel Systems & Adapters,car seat adapter,29.99,https://babylist.pxf.io/c/6560395/1056628/13580?u=https%3A%2F%2Fwww.babylist.com%2Fgp%2Fjoie-ics-adaptor-for-mockingbird-stroller%2F74113%2F2460584&partnerpropertyid=7490466,https://images.ctfassets.net/50gzycvace50/1710389b838066819c2b2e9daddb6ef4e2d7250a707304614a395d472e1948db/fb5d8e6cc2710191ba0f5adc96748de1/1710389b838066819c2b2e9daddb6ef4e2d7250a707304614a395d472e1948db.png?fl=progressive&fm=jpg&bg=rgb:fafafa&w=1240&h=1240,t
cmqx4kp1z00i63a8up27bojna,shopify_macrobaby,Joolz,Joolz - Aer² Car Seat Adapter Set,Travel Systems & Adapters,stroller adapter,59.99,https://www.macrobaby.com/products/joolz-aer-car-seat-adapter-set?_j=taylormadebabyco.com,https://cdn.shopify.com/s/files/1/0325/7932/1915/files/joolz-aer-car-seat-adapter-set_image_1.jpg?v=1776097346,t
cmqx4kuhi00ju3a8u15a8k2lm,shopify_macrobaby,Joolz,Joolz - Aer+ Car Seat Adapters,Travel Systems & Adapters,stroller adapter,49.99,https://www.macrobaby.com/products/joolz-aer-car-seat-adapters?_j=taylormadebabyco.com,https://cdn.shopify.com/s/files/1/0325/7932/1915/files/joolz-aer-car-seat-adapters_image_1.jpg?v=1775243080,t
cmqx4ks2t00j33a8ur3fl940z,shopify_macrobaby,Joolz,Joolz - Hub2 Car Seat Adapter Set,Travel Systems & Adapters,stroller adapter,59.99,https://www.macrobaby.com/products/joolz-hub2-car-seat-adapter-set?_j=taylormadebabyco.com,https://cdn.shopify.com/s/files/1/0325/7932/1915/files/joolz-hub2-car-seat-adapter-set_image_1.jpg?v=1773160713,t
cmqpi9wmf09b0dqwrvzz3mfb5,babylist_impact,Joolz,Joolz Hub2 car seat adapter set in Black,Travel Systems & Adapters,infant car seat adapter,59.99,https://babylist.pxf.io/c/6560395/1160375/13580?prodsku=2402313&u=https%3A%2F%2Fwww.babylist.com%2Fgp%2Fjoolz-hub2-car-seat-adapter-set%2F72244%2F2402313&intsrc=CATF_8981,https://images.ctfassets.net/50gzycvace50/7503f33e528bd51848c89b0aecaba2ab8ad21e2a97a9e2ac1f9360835bf8e968/658755c05e9d777b36d8e0528e225e5a/7503f33e528bd51848c89b0aecaba2ab8ad21e2a97a9e2ac1f9360835bf8e968.png?fl=progressive&fm=jpg&bg=rgb:fafafa&w=620&h=620,t
cmqpi9wwe09b3dqwrv5rn5png,babylist_impact,Joolz,Joolz Hub2 cot height adapter set in Black,Travel Systems & Adapters,stroller adapter,39.99,https://babylist.pxf.io/c/6560395/1160375/13580?prodsku=2402315&u=https%3A%2F%2Fwww.babylist.com%2Fgp%2Fjoolz-hub2-cot-height-adapter-set%2F72246%2F2402315&intsrc=CATF_8981,https://images.ctfassets.net/50gzycvace50/0530cbbdc2f3b374bbf8312c5a8b1b9e231f550d48e57990e6fe049760c8e871/9465cd8e6cc56d7ddec76b994a62384c/0530cbbdc2f3b374bbf8312c5a8b1b9e231f550d48e57990e6fe049760c8e871.png?fl=progressive&fm=jpg&bg=rgb:fafafa&w=620&h=620,t
cmqpijvxa0cf3dqwr9pbiru4b,babylist_impact,Larktale,"Larktale Car Seat Adapter in Black Maxi Cosi, Clek & Nuna - Caravan - Black",Travel Systems & Adapters,infant car seat adapter,59.99,https://babylist.pxf.io/c/6560395/1160375/13580?prodsku=1748741&u=https%3A%2F%2Fwww.babylist.com%2Fgp%2Flarktale-car-seat-adapter-maxi-cosi-clek-nuna-caravan%2F45463%2F1748741&intsrc=CATF_8981,https://images.ctfassets.net/50gzycvace50/6f70e7b3fe63216da145530a8ca6804020a891ba7ad0cc42796c77a3ebf503b0/afe2108db604ed5f68e13a251d33f7af/6f70e7b3fe63216da145530a8ca6804020a891ba7ad0cc42796c77a3ebf503b0.png?fl=progressive&fm=jpg&bg=rgb:fafafa&w=620&h=620,t
cmqx6md2u00303ld4bfofl1al,shopify_macrobaby,Mima,Mima Miro Car Seat Adapter Set,Travel Systems & Adapters,stroller adapter,49.99,https://www.macrobaby.com/products/mima-miro-car-seat-adapter-set?_j=taylormadebabyco.com,https://cdn.shopify.com/s/files/1/0325/7932/1915/files/mima-miro-car-seat-adapter-set_image_1.jpg?v=1779475151,t
cmqx6m2iu00233ld4dia08bq1,shopify_macrobaby,Mima,Mima - Xari Max Car Seat Adapter,Travel Systems & Adapters,full-size stroller,59.99,https://www.macrobaby.com/products/mima-xari-max-car-seat-adapter?_j=taylormadebabyco.com,https://cdn.shopify.com/s/files/1/0325/7932/1915/files/mima-xari-max-car-seat-adapter_image_1.jpg?v=1772237383,t
cmqpiq00j0ec3dqwrxa1q1huu,babylist_impact,Mockingbird,Mockingbird Car Seat Adapter for Mockingbird Stroller (Graco / Chicco / Baby Jogger / Britax B-Safe),Travel Systems & Adapters,car seat adapter,50,https://babylist.pxf.io/c/6560395/1056628/13580?u=https%3A%2F%2Fwww.babylist.com%2Fgp%2Fmockingbird-car-seat-adapter-for-mockingbird-stroller%2F15467%2F276094&partnerpropertyid=7490466,https://images.ctfassets.net/50gzycvace50/6aea5f4dab18a320248a0a7e94e3592b505687fa1d98506dba3bf6884d3d0543/b4ae343d05f3217016ce42142adafef4/1_276094_product.png?fl=progressive&fm=jpg&bg=rgb:fafafa&w=1240&h=1240,t
cmqpiq09t0ec6dqwrgtz9kb5a,babylist_impact,Mockingbird,Mockingbird Car Seat Adapter for Mockingbird Stroller (UPPAbaby),Travel Systems & Adapters,car seat adapter,50,https://babylist.pxf.io/c/6560395/1056628/13580?u=https%3A%2F%2Fwww.babylist.com%2Fgp%2Fmockingbird-car-seat-adapter-for-mockingbird-stroller%2F15467%2F1552361&partnerpropertyid=7490466,https://images.ctfassets.net/50gzycvace50/48c536559d892d86b9c621fd5b3a7a7cf66ab336c6a7c0be4971a10e58e4604f/2b72e83a756930bfbf7dc7bac6dd17f5/48c536559d892d86b9c621fd5b3a7a7cf66ab336c6a7c0be4971a10e58e4604f.png?fl=progressive&fm=jpg&bg=rgb:fafafa&w=1240&h=1240,t
cmqpiq0j40ec9dqwr6tzn148g,babylist_impact,Mockingbird,Mockingbird Car Seat Adapter for Stroller Clek,Travel Systems & Adapters,single-to-double stroller,50,https://babylist.pxf.io/c/6560395/1160375/13580?prodsku=1855634&u=https%3A%2F%2Fwww.babylist.com%2Fgp%2Fmockingbird-car-seat-adapter-for-mockingbird-stroller%2F15467%2F1855634&intsrc=CATF_8981,https://images.ctfassets.net/50gzycvace50/4c8e0c402c95f38b2a74939f455ada8a90008576874d1f783fcca3cb7fb607af/975a80b7fb757e6b9fcaf41d18f148d0/4c8e0c402c95f38b2a74939f455ada8a90008576874d1f783fcca3cb7fb607af.png?fl=progressive&fm=jpg&bg=rgb:fafafa&w=620&h=620,t
cmqpiq0sa0eccdqwrkaq40eiv,babylist_impact,Mockingbird,Mockingbird Car Seat Adapter for Stroller Nuna/Maxi-Cosi/Cybex/Britax Willow,Travel Systems & Adapters,single-to-double stroller,50,https://babylist.pxf.io/c/6560395/1160375/13580?prodsku=2332430&u=https%3A%2F%2Fwww.babylist.com%2Fgp%2Fmockingbird-car-seat-adapter-for-mockingbird-stroller%2F15467%2F2332430&intsrc=CATF_8981,https://images.ctfassets.net/50gzycvace50/e76019c5a677185cce1a5bf6a7615b1a305492e2cdf6ff4b1c2244289fc7266e/836f62bac060d44fa80b7531018c0aff/e76019c5a677185cce1a5bf6a7615b1a305492e2cdf6ff4b1c2244289fc7266e.png?fl=progressive&fm=jpg&bg=rgb:fafafa&w=620&h=620,t
cmqpiutn40fufdqwrdkmv5fie,babylist_impact,Nuna,Nuna Flex System Frame + Adapter in Caviar,Travel Systems & Adapters,stroller adapter,400,https://babylist.pxf.io/c/6560395/1160375/13580?prodsku=2699253&u=https%3A%2F%2Fwww.babylist.com%2Fgp%2Fnuna-flex-system-frame-adapter%2F77443%2F2699253&intsrc=CATF_8981,https://images.ctfassets.net/50gzycvace50/b5c5b8cf3e77a22b9ddcc6f51b7ea986c335a4525c9723dcdcc830ed499290df/477916074d209381712fea0445fe2da1/b5c5b8cf3e77a22b9ddcc6f51b7ea986c335a4525c9723dcdcc830ed499290df.png?fl=progressive&fm=jpg&bg=rgb:fafafa&w=620&h=620,t
cmqx4l32h00mi3a8u93eflxo6,shopify_macrobaby,Nuna,Nuna - Pipa Adapter For Uppababy® Vista® And Cruz®,Travel Systems & Adapters,stroller adapter,75,https://www.macrobaby.com/products/nuna-pipa-adapter-for-uppababy-vista-and-cruz?_j=taylormadebabyco.com,https://cdn.shopify.com/s/files/1/0325/7932/1915/files/nuna-pipa-adapter-for-uppababy_-vista_-and-cruz__image_1.jpg?v=1774271982,t
cmqpiv1vl0fx0dqwrqvrokk77,babylist_impact,Nuna,Nuna PIPA Adapter for UPPAbaby Vista & Cruz - Vista V2 / Vista V3 / Cruz V2 / Cruz V3,Travel Systems & Adapters,car seat adapter,75,https://babylist.pxf.io/c/6560395/1056628/13580?u=https%3A%2F%2Fwww.babylist.com%2Fgp%2Fnuna-pipa-adapter-for-uppababy-vista-and-cruz%2F14468%2F31191&partnerpropertyid=7490466,https://images.ctfassets.net/50gzycvace50/8d9c0f79a27054129873cfba0b2d63867ce3462beba32f0914946d117850fa09/0cb665800885862c396c14ab92591875/8d9c0f79a27054129873cfba0b2d63867ce3462beba32f0914946d117850fa09.png?fl=progressive&fm=jpg&bg=rgb:fafafa&w=1240&h=1240,t
cmqu9ekhp003r6byekb2cmpm6,awin_anbbaby,Nuna,Nuna PIPA Car Seat Adapter for UPPABaby Vista and Cruz,Travel Systems & Adapters,stroller adapter,75,https://www.awin1.com/cread.php?awinmid=75150&awinaffid=2588613&ued=https%3A%2F%2Fwww.anbbaby.com%2Fproducts%2Fnuna-pipa-car-seat-adapter-for-uppababy-vista-and-cruz%3Fvariant%3D39341986644054,https://cdn.shopify.com/s/files/1/0030/3949/4244/files/nuna-pipa-car-seat-adapter-for-uppababy-vista-and-cruz-available-octobernunad08001anb-babyanb-baby-125071.jpg?v=1739589918,t
cmqu9detu000o6byeamr9uuu4,awin_anbbaby,Nuna,Nuna PIPA Infant Car Seat Adapter For BOB Single Strollers - Black,Travel Systems & Adapters,stroller adapter,50,https://www.awin1.com/cread.php?awinmid=75150&awinaffid=2588613&ued=https%3A%2F%2Fwww.anbbaby.com%2Fproducts%2Fnuna-pipa-infant-car-seat-adapter-for-bob-single-strollers%3Fvariant%3D50094169325854,https://cdn.shopify.com/s/files/1/0030/3949/4244/files/Nuna_PIPA_Infant_Car_Seat_Adapter_For_BOB_Single_Strollers_1.jpg?v=1756486558,t
cmr4a8nyz0003g0jdexw7jret,shopify_macrobaby,Orbit Baby,Orbit Baby Car Seat Adapter for Orbit Baby Stroller (Maxi-Cosi / Cybex / Nuna / Clek),Travel Systems & Adapters,car seat adapter,60,https://www.macrobaby.com/products/car-seat-stroller-adapter?_j=taylormadebabyco.com,https://cdn.shopify.com/s/files/1/0325/7932/1915/files/Orbit_Baby_Car_Seat_Adapter.jpg?v=1736382988,t
cmqx6m2ss00263ld4jk3l2wdv,shopify_macrobaby,Peg Perego,"Agio by Peg Perego Primo Viaggio Car Seat Adapter for Z4 Strollers, Black",Travel Systems & Adapters,stroller adapter,49.99,https://www.macrobaby.com/products/agio-by-peg-perego-primo-viaggio-car-seat-adapter-for-z4-strollers-black?_j=taylormadebabyco.com,https://cdn.shopify.com/s/files/1/0325/7932/1915/files/agio-by-peg-perego-primo-viaggio-car-seat-adapter-for-z4-strollers-black_image_1.jpg?v=1776378828,t
cmqx6lmur001i3ld44f9rp47z,shopify_macrobaby,Peg Perego,Peg-Perego Agio - Ypsi/Z4 Double Adapter Upper & Lower Adapters,Travel Systems & Adapters,stroller adapter,59.99,https://www.macrobaby.com/products/peg-perego-agio-ypsi-z4-double-adapter-upper-lower-adapters?_j=taylormadebabyco.com,https://cdn.shopify.com/s/files/1/0325/7932/1915/files/peg-perego-agio-ypsi-z4-double-adapter-upper-lower-adapters_image_1.jpg?v=1776379190,t
cmqpiwye60gicdqwr9l1cu095,babylist_impact,Peg Perego,"Peg Perego Car Seat Adapter for Ypsi, Veloce & Vivace Strollers",Travel Systems & Adapters,infant car seat adapter,49.99,https://babylist.pxf.io/c/6560395/1160375/13580?prodsku=2428247&u=https%3A%2F%2Fwww.babylist.com%2Fgp%2Fpeg-perego-car-seat-adapter-for-ypsi-veloce-vivace-strollers%2F73090%2F2428247&intsrc=CATF_8981,https://images.ctfassets.net/50gzycvace50/ce95752efdbb56c6b40740bd5b3e8dfbfd9aefd0e8898ed3ee9d83ca0fe374c3/1511b9f35d6ffc9ab2904c44fe859335/ce95752efdbb56c6b40740bd5b3e8dfbfd9aefd0e8898ed3ee9d83ca0fe374c3.png?fl=progressive&fm=jpg&bg=rgb:fafafa&w=620&h=620,t
cmrdwvb9e000o7tmagfv7nmec,manual_tmbc,Peg Perego,Peg Perego City Loop Duo Adapter,Travel Systems & Adapters,Travel Systems & Adapters,,https://amzn.to/3R2u2ql,https://www.pegperego.com/media/catalog/product/features/IKAC0040-EXTRA02.jpg,t
cmqpiwynh0gifdqwr1bnyqqbj,babylist_impact,Peg Perego,Peg Perego Double Adapters for Ypsi Stroller,Travel Systems & Adapters,stroller adapter,59.99,https://babylist.pxf.io/c/6560395/1160375/13580?prodsku=2428248&u=https%3A%2F%2Fwww.babylist.com%2Fgp%2Fpeg-perego-double-adapters-for-ypsi-stroller%2F73091%2F2428248&intsrc=CATF_8981,https://images.ctfassets.net/50gzycvace50/83c7756cf0c0b4567770624bd6ba85de100ef9a4cf04237cd6cea96b02cde3d2/67d52b57169c204b0ac25e4019d9ab01/83c7756cf0c0b4567770624bd6ba85de100ef9a4cf04237cd6cea96b02cde3d2.png?fl=progressive&fm=jpg&bg=rgb:fafafa&w=620&h=620,t
cmqx6m6xx002r3ld4jsgx1ort,shopify_macrobaby,Peg Perego,Peg-Perego - Duo Adapter for City Loop Stroller,Travel Systems & Adapters,compact stroller,49.99,https://www.macrobaby.com/products/peg-perego-duo-adapter-for-city-loop-stroller?_j=taylormadebabyco.com,https://cdn.shopify.com/s/files/1/0325/7932/1915/files/peg-perego-duo-adapter-for-city-loop-stroller_image_1.jpg?v=1776378924,t
cmqx6m5s7002i3ld400ddpqbm,shopify_macrobaby,Peg Perego,Peg Perego - Foldable Car Seat Adapter for City Loop,Travel Systems & Adapters,compact stroller,49.99,https://www.macrobaby.com/products/peg-perego-foldable-car-seat-adapter-for-city-loop?_j=taylormadebabyco.com,https://cdn.shopify.com/s/files/1/0325/7932/1915/files/peg-perego-foldable-car-seat-adapter-for-city-loop_image_1.jpg?v=1776378934,t
cmr2gpdo8000fdm5jrtyjou0l,manual_tmbc,Silver,Silver Cross Wave Car Seat Adapter,Travel Systems & Adapters,car seat adapter,,https://www.amazon.com/dp/B07XJYCNVG?tag=taylormadebab-20,,t
cmqu9dgkr000u6byedqoqr277,awin_anbbaby,Silver Cross,SILVER CROSS Coast/Wave Lower Car Seat Adapter,Travel Systems & Adapters,stroller adapter,59.99,https://www.awin1.com/cread.php?awinmid=75150&awinaffid=2588613&ued=https%3A%2F%2Fwww.anbbaby.com%2Fproducts%2Fsilver-cross-coast-wave-lower-car-seat-adapter-2019%3Fvariant%3D29511669514326,https://cdn.shopify.com/s/files/1/0030/3949/4244/files/silver-cross-coastwave-lower-car-seat-adapterscsx5134euanb-babyanb-baby-857720.jpg?v=1739534982,t
cmqu9dg8e000r6bye3be6k0dl,awin_anbbaby,Silver Cross,SILVER CROSS Coast / Wave Main Car Seat Adapter,Travel Systems & Adapters,stroller adapter,59.99,https://www.awin1.com/cread.php?awinmid=75150&awinaffid=2588613&ued=https%3A%2F%2Fwww.anbbaby.com%2Fproducts%2Fsilver-cross-coast-wave-main-car-seat-adapter-2019%3Fvariant%3D29511571996758,https://cdn.shopify.com/s/files/1/0030/3949/4244/files/silver-cross-coast-wave-main-car-seat-adapterscsx5135euanb-babyanb-baby-107517.jpg?v=1739534980,t
cmqx6mfk600333ld4llcpha0o,shopify_macrobaby,Silver Cross,Silver Cross Cove 2 Universal Car Seat Adapters,Travel Systems & Adapters,stroller adapter,59.99,https://www.macrobaby.com/products/silver-cross-cove-2-universal-car-seat-adapters?_j=taylormadebabyco.com,https://cdn.shopify.com/s/files/1/0325/7932/1915/files/silver-cross-cove-2-universal-car-seat-adapters_image_1.jpg?v=1781615788,t
cmqpiyywy0h5cdqwr7f5ksudz,babylist_impact,Silver Cross,Silver Cross Dune/Reef Universal Car Seat Adapters in Black,Travel Systems & Adapters,stroller adapter,59.99,https://babylist.pxf.io/c/6560395/1160375/13580?prodsku=1185762&u=https%3A%2F%2Fwww.babylist.com%2Fgp%2Fsilver-cross-dune-reef-universal-car-seat-adapters%2F25568%2F1185762&intsrc=CATF_8981,https://images.ctfassets.net/50gzycvace50/eae76be704a0193e54c575a1f74ad85ba0c73a5984a45b33353a40a9cb82ea26/93ab7f07d6470aabee45f4b6ada364f7/eae76be704a0193e54c575a1f74ad85ba0c73a5984a45b33353a40a9cb82ea26.png?fl=progressive&fm=jpg&bg=rgb:fafafa&w=620&h=620,t
cmqx4kuzr00k03a8u8kafnp86,shopify_macrobaby,Silver Cross,"Silver Cross - Dune, Reef Universal Car Seat Adaptors",Travel Systems & Adapters,stroller adapter,59.99,https://www.macrobaby.com/products/silver-cross-dune-reef-universal-car-seat-adaptors-1?_j=taylormadebabyco.com,https://cdn.shopify.com/s/files/1/0325/7932/1915/files/silver-cross-dune-reef-universal-car-seat-adaptors-1_image_1.jpg?v=1776459965,t
cmqpiyz6g0h5fdqwr27sqd4vc,babylist_impact,Silver Cross,Silver Cross Jet 5 Double Car Seat Adapters in Black,Travel Systems & Adapters,stroller adapter,59.99,https://babylist.pxf.io/c/6560395/1160375/13580?prodsku=2186944&u=https%3A%2F%2Fwww.babylist.com%2Fgp%2Fsilver-cross-jet-5-double-car-seat-adapters%2F60418%2F2186944&intsrc=CATF_8981,https://images.ctfassets.net/50gzycvace50/d17ba760646a257981e192f03431d0b89be9c668cce134451f41645de009b828/6abeaf974db5cccc854f9360bf3f93c7/d17ba760646a257981e192f03431d0b89be9c668cce134451f41645de009b828.png?fl=progressive&fm=jpg&bg=rgb:fafafa&w=620&h=620,t
cmqx4kpbb00i93a8unx89of3u,shopify_macrobaby,Silver Cross,Silver Cross - Jet 5 & Jet Double Car Seat Adapters,Travel Systems & Adapters,stroller adapter,59.99,https://www.macrobaby.com/products/silver-cross-jet-5-jet-double-car-seat-adapters-1?_j=taylormadebabyco.com,https://cdn.shopify.com/s/files/1/0325/7932/1915/files/silver-cross-jet-5-jet-double-car-seat-adapters-1_image_1.jpg?v=1776538993,t
cmqx6m7q8002u3ld4khnl916y,shopify_macrobaby,Silver Cross,Silver Cross - Nia Universal Car Seat Adapters,Travel Systems & Adapters,stroller adapter,59.99,https://www.macrobaby.com/products/silver-cross-nia-universal-car-seat-adapters?_j=taylormadebabyco.com,https://cdn.shopify.com/s/files/1/0325/7932/1915/files/silver-cross-nia-universal-car-seat-adapters_image_1.jpg?v=1775673405,t
cmqpj3rsa0inodqwret4enuv2,babylist_impact,Stokke,Stokke YOYO³ Stroller and Car Seat Adapter Bundle in Aqua,Travel Systems & Adapters,infant car seat adapter,558,https://babylist.pxf.io/c/6560395/1160375/13580?prodsku=2593076&u=https%3A%2F%2Fwww.babylist.com%2Fgp%2Fstokke-yoyo-stroller-and-car-seat-adapter-bundle%2F75350%2F2593076&intsrc=CATF_8981,https://images.ctfassets.net/50gzycvace50/c719fb369ef70cb6b45f08cfc52b0068b16eb96f287078017893910107531dbc/31c6aca159700c83aa5afc6601b59e86/c719fb369ef70cb6b45f08cfc52b0068b16eb96f287078017893910107531dbc.png?fl=progressive&fm=jpg&bg=rgb:fafafa&w=620&h=620,t
cmqpj3s3r0inrdqwrbos4dye9,babylist_impact,Stokke,Stokke YOYO³ Stroller and Car Seat Adapter Bundle in Black,Travel Systems & Adapters,infant car seat adapter,558,https://babylist.pxf.io/c/6560395/1160375/13580?prodsku=2594262&u=https%3A%2F%2Fwww.babylist.com%2Fgp%2Fstokke-yoyo-stroller-and-car-seat-adapter-bundle%2F75350%2F2594262&intsrc=CATF_8981,https://images.ctfassets.net/50gzycvace50/d66b7cceaa935ab93eb02ff17083e25460cb8572497ef4787cc2f4a57a890d7a/78105defd63faa5f918da6a6be549d40/d66b7cceaa935ab93eb02ff17083e25460cb8572497ef4787cc2f4a57a890d7a.png?fl=progressive&fm=jpg&bg=rgb:fafafa&w=620&h=620,t
cmqpj3r9u0inidqwro0o1ktr0,babylist_impact,Stokke,Stokke YOYO³ Stroller and Car Seat Adapter Bundle in Olive,Travel Systems & Adapters,infant car seat adapter,558,https://babylist.pxf.io/c/6560395/1160375/13580?prodsku=2593074&u=https%3A%2F%2Fwww.babylist.com%2Fgp%2Fstokke-yoyo-stroller-and-car-seat-adapter-bundle%2F75350%2F2593074&intsrc=CATF_8981,https://images.ctfassets.net/50gzycvace50/896819d49556b35aaca979713bff95056721951b7dd2f6c11668e0d4676b7925/a8107ec3e1726cd10b0f4c32b2d13492/896819d49556b35aaca979713bff95056721951b7dd2f6c11668e0d4676b7925.png?fl=progressive&fm=jpg&bg=rgb:fafafa&w=620&h=620,t
cmqpj3riy0inldqwrzambewy3,babylist_impact,Stokke,Stokke YOYO³ Stroller and Car Seat Adapter Bundle in Toffee,Travel Systems & Adapters,infant car seat adapter,558,https://babylist.pxf.io/c/6560395/1160375/13580?prodsku=2593077&u=https%3A%2F%2Fwww.babylist.com%2Fgp%2Fstokke-yoyo-stroller-and-car-seat-adapter-bundle%2F75350%2F2593077&intsrc=CATF_8981,https://images.ctfassets.net/50gzycvace50/87cac311c623e720f4339d4ed9a55eb0ba9dd0a7920afd2a94e168bd2405289e/fcfe5ee3e24fe7b33f5002b707b5f7cb/87cac311c623e720f4339d4ed9a55eb0ba9dd0a7920afd2a94e168bd2405289e.png?fl=progressive&fm=jpg&bg=rgb:fafafa&w=620&h=620,t
cmqx4kg7e00ff3a8uop5k6eif,shopify_macrobaby,Stokke,Stokke - YOYO Car Seat Adapters,Travel Systems & Adapters,stroller adapter,59,https://www.macrobaby.com/products/stokke-yoyo2-car-seat-adapters?_j=taylormadebabyco.com,https://cdn.shopify.com/s/files/1/0325/7932/1915/files/stokke-yoyo2-car-seat-adapters_image_1.jpg?v=1775765296,t
cmqpj3o640imidqwr6vmgeaoc,babylist_impact,Stokke,Stokke YOYO Car Seat Adapters,Travel Systems & Adapters,stroller adapter,59,https://babylist.pxf.io/c/6560395/1160375/13580?prodsku=2283117&u=https%3A%2F%2Fwww.babylist.com%2Fgp%2Fstokke-yoyo-car-seat-adapters%2F14413%2F2283117&intsrc=CATF_8981,https://images.ctfassets.net/50gzycvace50/892b4d1fe7ed300a700e446e85e0d92ddf73286b196a9fdc6ba62062577403ff/9525a9e3d9f9d753485ad569b0bcf8e5/892b4d1fe7ed300a700e446e85e0d92ddf73286b196a9fdc6ba62062577403ff.png?fl=progressive&fm=jpg&bg=rgb:fafafa&w=620&h=620,t
cmqpj3ofe0imldqwrefohi1vd,babylist_impact,Stokke,Stokke YOYO Connect Bassinet Adapters in Black,Travel Systems & Adapters,stroller adapter,40,https://babylist.pxf.io/c/6560395/1160375/13580?prodsku=1423711&u=https%3A%2F%2Fwww.babylist.com%2Fgp%2Fstokke-yoyo-connect-bassinet-adapters%2F37726%2F1423711&intsrc=CATF_8981,https://images.ctfassets.net/50gzycvace50/7c88e8e8ec345cafa680d056ba6cc1778362e6028b36d6f52d093ea468772737/ae1eb00a730d22e79c3822fb1a007d4d/7c88e8e8ec345cafa680d056ba6cc1778362e6028b36d6f52d093ea468772737.png?fl=progressive&fm=jpg&bg=rgb:fafafa&w=620&h=620,t
cmqu9e0o400206bye5ayanqcq,awin_anbbaby,Thule,THULE Sleek Car Seat Adapter for Maxi Cosi,Travel Systems & Adapters,stroller adapter,64.95,https://www.awin1.com/cread.php?awinmid=75150&awinaffid=2588613&ued=https%3A%2F%2Fwww.anbbaby.com%2Fproducts%2Fthule-sleek-car-seat-adapter-for-maxi-cosi%3Fvariant%3D32247036510294,https://cdn.shopify.com/s/files/1/0030/3949/4244/files/thule-sleek-car-seat-adapter-for-maxi-cosithu11000300anb-babyanb-baby-965159.jpg?v=1739541752,t
cmr2gpdta000idm5jjcrpe5cd,manual_tmbc,Thule,Thule Sleek Car Seat Adapter for Maxi-Cosi,Travel Systems & Adapters,car seat adapter,,https://www.amazon.com/dp/B07FRRM8VD?tag=taylormadebab-20,,t
cmqx6m61w002l3ld4dgxj58ku,shopify_macrobaby,Thule,Thule - Spring Car Seat Adapter Chicco,Travel Systems & Adapters,stroller adapter,59.95,https://www.macrobaby.com/products/thule-spring-car-seat-adapter-chicco?_j=taylormadebabyco.com,https://cdn.shopify.com/s/files/1/0325/7932/1915/files/thule-spring-car-seat-adapter-chicco_image_1.jpg?v=1767995072,t
cmqx6l7hz00193ld4da0hnc92,shopify_macrobaby,Thule,Thule - Spring Car Seat Adapter Maxi Cosi,Travel Systems & Adapters,stroller adapter,59.95,https://www.macrobaby.com/products/thule-spring-car-seat-adapter-maxi-cosi?_j=taylormadebabyco.com,https://cdn.shopify.com/s/files/1/0325/7932/1915/files/thule-spring-car-seat-adapter-maxi-cosi_image_1.jpg?v=1773445022,t
cmqu9dwjr001x6bye201ua9ky,awin_anbbaby,Thule,THULE Spring Stroller Car Seat Adapter Chicco - Black,Travel Systems & Adapters,stroller adapter,59.95,https://www.awin1.com/cread.php?awinmid=75150&awinaffid=2588613&ued=https%3A%2F%2Fwww.anbbaby.com%2Fproducts%2Fthule-spring-stroller-car-seat-adapter-chicco%3Fvariant%3D31761635672150,https://cdn.shopify.com/s/files/1/0030/3949/4244/files/thule-spring-stroller-car-seat-adapter-chicco-blackthu11300411anb-babyanb-baby-620590.jpg?v=1739540439,t
cmqu9dwa4001u6byee9z5z504,awin_anbbaby,Thule,THULE Spring Stroller Car Seat Adapter Maxi Cosi - Black,Travel Systems & Adapters,stroller adapter,59.95,https://www.awin1.com/cread.php?awinmid=75150&awinaffid=2588613&ued=https%3A%2F%2Fwww.anbbaby.com%2Fproducts%2Fthule-spring-stroller-car-seat-adapter-maxi-cosi%3Fvariant%3D31761602576470,https://cdn.shopify.com/s/files/1/0030/3949/4244/files/thule-spring-stroller-car-seat-adapter-maxi-cosi-blackthu11300410anb-babyanb-baby-740852.jpg?v=1739540625,t
cmqx6lyr0001o3ld4ll770q0c,shopify_macrobaby,Thule,"Thule - Urban Glide 3 car seat Adapter Universal/Chicco®, Black",Travel Systems & Adapters,stroller adapter,79.95,https://www.macrobaby.com/products/thule-urban-glide-3-car-seat-adapter-universal-chicco%C2%AE-black?_j=taylormadebabyco.com,https://cdn.shopify.com/s/files/1/0325/7932/1915/files/thule-urban-glide-3-car-seat-adapter-universal-chicco_-black_image_1.jpg?v=1769354810,t
cmqpj4xll0j10dqwr369d9s2m,babylist_impact,Thule,Thule Urban Glide 3 Double Bassinet Adapters in Black,Travel Systems & Adapters,stroller adapter,24.95,https://babylist.pxf.io/c/6560395/1160375/13580?prodsku=1883225&u=https%3A%2F%2Fwww.babylist.com%2Fgp%2Fthule-urban-glide-3-double-bassinet-adapters%2F47015%2F1883225&intsrc=CATF_8981,https://images.ctfassets.net/50gzycvace50/d191e89441dc7896af0d52b1fbae41aa3254915a0635c24ebe6175550c1d26d7/3b60ec04a5f26706c945b3389252c05b/d191e89441dc7896af0d52b1fbae41aa3254915a0635c24ebe6175550c1d26d7.png?fl=progressive&fm=jpg&bg=rgb:fafafa&w=620&h=620,t
cmqx6lml4001f3ld4ia1tvlyh,shopify_macrobaby,Thule,Thule - Urban Glide 3 Double Car Seat Adapter For Maxi-Cosi Black,Travel Systems & Adapters,stroller adapter,64.95,https://www.macrobaby.com/products/thule-urban-glide-3-double-car-seat-adapter-for-maxi-cosi-black?_j=taylormadebabyco.com,https://cdn.shopify.com/s/files/1/0325/7932/1915/files/thule-urban-glide-3-double-car-seat-adapter-for-maxi-cosi-black_image_1.jpg?v=1775592875,t
cmqx6m1zs00203ld4v3yg5xqz,shopify_macrobaby,Thule,Thule - Urban Glide 3 Double Car Seat Adapter Universal Black,Travel Systems & Adapters,stroller adapter,74.95,https://www.macrobaby.com/products/thule-urban-glide-3-double-car-seat-adapter-universal-black?_j=taylormadebabyco.com,https://cdn.shopify.com/s/files/1/0325/7932/1915/files/thule-urban-glide-3-double-car-seat-adapter-universal-black_image_1.jpg?v=1773445042,t
cmqx6lzv9001r3ld4exk42ilm,shopify_macrobaby,Thule,Thule - Urban Glide 3 Single Car Seat Adapter For Maxi-Cosi Black,Travel Systems & Adapters,stroller adapter,69.95,https://www.macrobaby.com/products/thule-urban-glide-3-single-car-seat-adapter-for-maxi-cosi-black?_j=taylormadebabyco.com,https://cdn.shopify.com/s/files/1/0325/7932/1915/files/thule-urban-glide-3-single-car-seat-adapter-for-maxi-cosi-black_image_1.jpg?v=1767995216,t
cmqu9e17800266byelqano5me,awin_anbbaby,Thule,THULE Urban Glide/Glide Car Seat Adapter for Chicco,Travel Systems & Adapters,stroller adapter,59.95,https://www.awin1.com/cread.php?awinmid=75150&awinaffid=2588613&ued=https%3A%2F%2Fwww.anbbaby.com%2Fproducts%2Fthule-urban-glide-glide-car-seat-adapter-for-chicco%3Fvariant%3D32263061471318,https://cdn.shopify.com/s/files/1/0030/3949/4244/files/THULE-Urban-Glide-Glide-Car-Seat-Adapter_1.jpg?v=1747764369,t
cmqu9e0xi00236byeehjkyrch,awin_anbbaby,Thule,THULE Urban Glide / Glide Car Seat Adapter for Maxi Cosi,Travel Systems & Adapters,stroller adapter,59.95,https://www.awin1.com/cread.php?awinmid=75150&awinaffid=2588613&ued=https%3A%2F%2Fwww.anbbaby.com%2Fproducts%2Fthule-urban-glide-glide-car-seat-adapter-for-maxi-cosi%3Fvariant%3D32260534272086,https://cdn.shopify.com/s/files/1/0030/3949/4244/files/thule-urban-glide-glide-car-seat-adapter-for-maxi-cosithu20110740anb-babyanb-baby-382279.jpg?v=1739550576,t
cmqu9d51i00006bye3jbwh99g,awin_anbbaby,Thule,Thule Urban Glide/Glide Car Seat Adapter Universal,Travel Systems & Adapters,stroller adapter,69.95,https://www.awin1.com/cread.php?awinmid=75150&awinaffid=2588613&ued=https%3A%2F%2Fwww.anbbaby.com%2Fproducts%2Fthule-urban-glide-glide-car-seat-adapter-universal%3Fvariant%3D16410653360228,https://cdn.shopify.com/s/files/1/0030/3949/4244/files/Thule-Universal-Jogging-Stroller-Infant-Car-Seat-Adapter_1.jpg?v=1752790034,t
cmqx4jyro00a03a8utsqub4o1,shopify_macrobaby,UPPAbaby,"Uppababy - Adapters For Minu Duo (Mesa/Mesa V2, Mesa Max, Mesa I-Size, Aria)",Travel Systems & Adapters,stroller adapter,39.99,https://www.macrobaby.com/products/uppababy-adapters-for-minu-duo-mesa-mesa-v2-mesa-max-mesa-i-size-aria?_j=taylormadebabyco.com,https://cdn.shopify.com/s/files/1/0325/7932/1915/files/uppababy-adapters-for-minu-duo-mesa-mesa-v2-mesa-max-mesa-i-size-aria_image_1.jpg?v=1769357039,t
cmqpj8avj0k3ldqwr6yf99tpg,babylist_impact,UPPAbaby,UPPAbaby Adapters for Minu Duo (Mesa / Mesa V2 / Mesa Max / Mesa i-Size / Aria),Travel Systems & Adapters,car seat adapter,39.99,https://babylist.pxf.io/c/6560395/1056628/13580?u=https%3A%2F%2Fwww.babylist.com%2Fgp%2Fuppababy-adapters-for-minu-duo-mesa-mesa-v2-mesa-max-mesa-i-size-aria%2F69536%2F2306166&partnerpropertyid=7490466,https://images.ctfassets.net/50gzycvace50/1d2d35be7d1fcf48f2c6d266165e2f1730e8798709ee929d45cac02b343424bc/365c29bc2e52232f45f0ccff15d2e744/1d2d35be7d1fcf48f2c6d266165e2f1730e8798709ee929d45cac02b343424bc.png?fl=progressive&fm=jpg&bg=rgb:fafafa&w=1240&h=1240,t
cmqx4kh0400fo3a8ufkmi73hu,shopify_macrobaby,UPPAbaby,Uppababy - Adapters For Minu V3 - (Compatible with all Mesa and Aria car seats),Travel Systems & Adapters,stroller adapter,39.99,https://www.macrobaby.com/products/uppababy-adapters-for-minu-v3-compatible-with-all-mesa-and-aria-car-seats?_j=taylormadebabyco.com,https://cdn.shopify.com/s/files/1/0325/7932/1915/files/uppababy-adapters-for-minu-v3-compatible-with-all-mesa-and-aria-car-seats_image_1.jpg?v=1775673520,t
cmqpj8bg10k3rdqwrh2ebh5y5,babylist_impact,UPPAbaby,UPPAbaby Adapters for Ridge (Aria / Mesa / Bassinet),Travel Systems & Adapters,car seat adapter,39.99,https://babylist.pxf.io/c/6560395/1056628/13580?u=https%3A%2F%2Fwww.babylist.com%2Fgp%2Fuppababy-adapters-for-ridge-aria-mesa-bassinet%2F24448%2F1052652&partnerpropertyid=7490466,https://images.ctfassets.net/50gzycvace50/9fe2af10f1b9a0f80708bb5a101fc0300ce856343caf40d5f46d5ea486bd55d2/828f3a9513aa15eccca6e090328e4fa0/9fe2af10f1b9a0f80708bb5a101fc0300ce856343caf40d5f46d5ea486bd55d2.png?fl=progressive&fm=jpg&bg=rgb:fafafa&w=1240&h=1240,t
cmqpj8ign0k60dqwry1te9q4t,babylist_impact,UPPAbaby,UPPAbaby Car Seat Adapter for Chicco,Travel Systems & Adapters,infant car seat adapter,49.99,https://babylist.pxf.io/c/6560395/1160375/13580?prodsku=34950&u=https%3A%2F%2Fwww.babylist.com%2Fgp%2Fuppababy-car-seat-adapter-for-chicco%2F3509%2F34950&intsrc=CATF_8981,https://images.ctfassets.net/50gzycvace50/9e1f8522e50c3d93ac44f7d1aca4b2121567bb7e80162c8fdf1c0d78f8d8f831/56ed2f6f146b5b4cfd10d70a5dde1280/9e1f8522e50c3d93ac44f7d1aca4b2121567bb7e80162c8fdf1c0d78f8d8f831.png?fl=progressive&fm=jpg&bg=rgb:fafafa&w=620&h=620,t
cmqx4krht00ix3a8ubhfb6sqh,shopify_macrobaby,UPPAbaby,"Uppababy - Car Seat Adapter for Ridge, Nuna/Cybex/Maxi-Cosi",Travel Systems & Adapters,stroller adapter,49.99,https://www.macrobaby.com/products/uppababy-car-seat-adapter-for-ridge-nuna-cybex-maxi-cosi?_j=taylormadebabyco.com,https://cdn.shopify.com/s/files/1/0325/7932/1915/files/uppababy-car-seat-adapter-for-ridge-nuna-cybex-maxi-cosi_image_1.jpg?v=1769357379,t
cmqx4kpn100ic3a8upzu8xm68,shopify_macrobaby,UPPAbaby,"Uppababy - Car Seat Adapters For Minu V3 (Maxi-Cosi®, Nuna®, Cybex, Besafe®)",Travel Systems & Adapters,stroller adapter,69.99,https://www.macrobaby.com/products/uppababy-car-seat-adapters-for-minu-v3-maxi-cosi-r-nuna-r-cybex-besafe-r?_j=taylormadebabyco.com,https://cdn.shopify.com/s/files/1/0325/7932/1915/files/uppababy-car-seat-adapters-for-minu-v3-maxi-cosi_-nuna_-cybex-besafe__image_1.jpg?v=1775681304,t
cmqpj8iqc0k63dqwrow2cth6v,babylist_impact,UPPAbaby,"UPPAbaby Car Seat Adapters for Minu V3 (Mesa/Mesa V2, Mesa Max, Mesa i-Size, Aria)",Travel Systems & Adapters,stroller adapter,39.99,https://babylist.pxf.io/c/6560395/1160375/13580?prodsku=2351355&u=https%3A%2F%2Fwww.babylist.com%2Fgp%2Fuppababy-car-seat-adapters-for-minu-v3-mesa-mesa-v2-mesa-max-mesa-i-size-aria%2F70619%2F2351355&intsrc=CATF_8981,https://images.ctfassets.net/50gzycvace50/68a08114289f3a24eb8b68748e8ed00e79446e57ced5a7619b14ae99cb524650/b59f49f1848dcab6313dee2723fac13a/68a08114289f3a24eb8b68748e8ed00e79446e57ced5a7619b14ae99cb524650.png?fl=progressive&fm=jpg&bg=rgb:fafafa&w=620&h=620,t
cmqx4kl1f00gx3a8uy5mdw9z7,shopify_macrobaby,UPPAbaby,"Uppababy Car Seat Adapters For Vista, Vista V2, Cruz And Cruz V2",Travel Systems & Adapters,stroller adapter,49.99,https://www.macrobaby.com/products/uppababy-car-seat-adapters-for-vista-vista-v2-cruz-and-cruz-v2?_j=taylormadebabyco.com,https://cdn.shopify.com/s/files/1/0325/7932/1915/files/uppababy-car-seat-adapters-for-vista-vista-v2-cruz-and-cruz-v2_image_1.jpg?v=1770742680,t
cmqx4ktxk00jo3a8uc7wxdbem,shopify_macrobaby,UPPAbaby,Uppababy - Lower Adapters For Vista And Vista V2,Travel Systems & Adapters,stroller adapter,39.99,https://www.macrobaby.com/products/uppababy-lower-adapters-for-vista-and-vista-v2?_j=taylormadebabyco.com,https://cdn.shopify.com/s/files/1/0325/7932/1915/files/uppababy-lower-adapters-for-vista-and-vista-v2_image_1.jpg?v=1770742750,t
cmqpib3nr09oidqwrclt41suu,babylist_impact,UPPAbaby,"UPPAbaby Lower Car Seat Adapters for VISTA and VISTA V2, Vista V3 (Maxi-Cosi, Nuna, Cybex, and BeSafe)",Travel Systems & Adapters,stroller adapter,49.99,https://babylist.pxf.io/c/6560395/1160375/13580?prodsku=41628&u=https%3A%2F%2Fwww.babylist.com%2Fgp%2Fuppababy-lower-car-seat-adapters-for-vista-and-vista-v2-vista-v3-maxi-cosi-nuna-cybex-and-besafe%2F24445%2F41628&intsrc=CATF_8981,https://images.ctfassets.net/50gzycvace50/dc22a7c2b64349c51a41b0ffd6732b8ade7295cf3fe21edc793a3150424f235e/395f7b85cf9d604504f839acd6530ea1/dc22a7c2b64349c51a41b0ffd6732b8ade7295cf3fe21edc793a3150424f235e.png?fl=progressive&fm=jpg&bg=rgb:fafafa&w=620&h=620,t
cmqpib6v109pidqwrxbstwxnf,babylist_impact,UPPAbaby,"UPPAbaby MINU Car Seat Adapters (Maxi-Cosi, Nuna, Cybex & BeSafe)",Travel Systems & Adapters,stroller adapter,54.99,https://babylist.pxf.io/c/6560395/1160375/13580?prodsku=39672&u=https%3A%2F%2Fwww.babylist.com%2Fgp%2Fuppababy-minu-car-seat-adapters-maxi-cosi-nuna-cybex-besafe%2F24447%2F39672&intsrc=CATF_8981,https://images.ctfassets.net/50gzycvace50/bd3bd411f7aaaffede5919dd69a3e4caade70df2beda1f0b8684754224ca1646/bc872172496e4ccdffa5a860326b7b77/bd3bd411f7aaaffede5919dd69a3e4caade70df2beda1f0b8684754224ca1646.png?fl=progressive&fm=jpg&bg=rgb:fafafa&w=620&h=620,t
cmqx4jz0p00a33a8uoesvc4c9,shopify_macrobaby,UPPAbaby,Uppababy - Minu Infant Car Seat Adapter For Maxi-Cosi/Nuna/Cybex,Travel Systems & Adapters,stroller adapter,54.99,https://www.macrobaby.com/products/uppababy-minu-infant-car-seat-adapter-for-maxi-cosi-nuna-cybex?_j=taylormadebabyco.com,https://cdn.shopify.com/s/files/1/0325/7932/1915/files/uppababy-minu-infant-car-seat-adapter-for-maxi-cosi-nuna-cybex_image_1.jpg?v=1775158845,t
cmqpib7wi09pudqwrdkx00u19,babylist_impact,UPPAbaby,UPPAbaby Minu V3 Car Seat Adapters (Maxi-Cosi / Nuna / Clek),Travel Systems & Adapters,car seat adapter,69.99,https://babylist.pxf.io/c/6560395/1056628/13580?u=https%3A%2F%2Fwww.babylist.com%2Fgp%2Fuppababy-minu-v3-car-seat-adapters-for-maxi-cosi-nuna-and-clek%2F70618%2F2351354&partnerpropertyid=7490466,https://images.ctfassets.net/50gzycvace50/63978ba77e5149526988bcb8c21d72cbdaacb305277244a27cdee3ae97be2f40/3884b8cba550514c671748c1be9b8c7a/63978ba77e5149526988bcb8c21d72cbdaacb305277244a27cdee3ae97be2f40.png?fl=progressive&fm=jpg&bg=rgb:fafafa&w=1240&h=1240,t
cmqpib9q209qfdqwrhc5mg7j9,babylist_impact,UPPAbaby,"UPPAbaby Minu V3 Stroller, Mesa V3 & Car Seat Adapters",Travel Systems & Adapters,stroller adapter,889.97,https://babylist.pxf.io/c/6560395/1160375/13580?prodsku=3138564&u=https%3A%2F%2Fwww.babylist.com%2Fgp%2Fuppababy-minu-v3-stroller-mesa-v3-car-seat-adapters%2F81552%2F3138564&intsrc=CATF_8981,https://images.ctfassets.net/50gzycvace50/5e05ca8f55a1e4ba722867daca931b123494a7a04230deb15ddf1d815fb8e8a6/b9ea666f3aa1df6e989d6701c0137130/5e05ca8f55a1e4ba722867daca931b123494a7a04230deb15ddf1d815fb8e8a6.png?fl=progressive&fm=jpg&bg=rgb:fafafa&w=620&h=620,t
cmqpib9zq09qidqwrfem9rhie,babylist_impact,UPPAbaby,"UPPAbaby Minu V3 Stroller, Mesa V3 & Car Seat Adapters in Evelyn",Travel Systems & Adapters,stroller adapter,889.97,https://babylist.pxf.io/c/6560395/1160375/13580?prodsku=3138568&u=https%3A%2F%2Fwww.babylist.com%2Fgp%2Fuppababy-minu-v3-stroller-mesa-v3-car-seat-adapters%2F81552%2F3138568&intsrc=CATF_8981,https://images.ctfassets.net/50gzycvace50/d2058366eba51c408a9a09a695e6b4bdab40484184a2328f4c082196a88a5f04/1bec2be254a08fec6b58294137ec5270/d2058366eba51c408a9a09a695e6b4bdab40484184a2328f4c082196a88a5f04.png?fl=progressive&fm=jpg&bg=rgb:fafafa&w=620&h=620,t
cmqpiba9109qldqwrc3uc1d3z,babylist_impact,UPPAbaby,"UPPAbaby Minu V3 Stroller, Mesa V3 & Car Seat Adapters in Greyson",Travel Systems & Adapters,stroller adapter,889.97,https://babylist.pxf.io/c/6560395/1160375/13580?prodsku=3138574&u=https%3A%2F%2Fwww.babylist.com%2Fgp%2Fuppababy-minu-v3-stroller-mesa-v3-car-seat-adapters%2F81552%2F3138574&intsrc=CATF_8981,https://images.ctfassets.net/50gzycvace50/1e2e67f5cf14ade1d0f9cb9aed340619d0448076e081458dedfa50a321672fed/e3b388ea11a1cc3e9328439ca781fa0e/1e2e67f5cf14ade1d0f9cb9aed340619d0448076e081458dedfa50a321672fed.png?fl=progressive&fm=jpg&bg=rgb:fafafa&w=620&h=620,t
cmqpibai909qodqwrcy9ej58b,babylist_impact,UPPAbaby,"UPPAbaby Minu V3 Stroller, Mesa V3 & Car Seat Adapters in Savannah",Travel Systems & Adapters,stroller adapter,889.97,https://babylist.pxf.io/c/6560395/1160375/13580?prodsku=3138577&u=https%3A%2F%2Fwww.babylist.com%2Fgp%2Fuppababy-minu-v3-stroller-mesa-v3-car-seat-adapters%2F81552%2F3138577&intsrc=CATF_8981,https://images.ctfassets.net/50gzycvace50/5ec46d1991dff219fa75dfb351a1a772bf56ff50d3f14396a6b3756069a0120f/8f8890a32becc7ccd81d8710dbc369ea/5ec46d1991dff219fa75dfb351a1a772bf56ff50d3f14396a6b3756069a0120f.png?fl=progressive&fm=jpg&bg=rgb:fafafa&w=620&h=620,t
cmqpibom309v6dqwrr9od15vq,babylist_impact,UPPAbaby,UPPAbaby Upper Adapters,Travel Systems & Adapters,stroller adapter,39.99,https://babylist.pxf.io/c/6560395/1160375/13580?prodsku=44789&u=https%3A%2F%2Fwww.babylist.com%2Fgp%2Fuppababy-upper-adapters%2F24442%2F44789&intsrc=CATF_8981,https://images.ctfassets.net/50gzycvace50/f7a1a4cd1d5484a6de57bf5ebe904b77861caf254cd6ef681bb5f2f1a9b0aaf1/ba7b1348f62b947dba9ac53d5fa602ab/f7a1a4cd1d5484a6de57bf5ebe904b77861caf254cd6ef681bb5f2f1a9b0aaf1.png?fl=progressive&fm=jpg&bg=rgb:fafafa&w=620&h=620,t
cmqpibovu09v9dqwr0fswss6m,babylist_impact,UPPAbaby,UPPAbaby Upper Adapters for Cruz V2,Travel Systems & Adapters,stroller adapter,34.99,https://babylist.pxf.io/c/6560395/1160375/13580?prodsku=2074020&u=https%3A%2F%2Fwww.babylist.com%2Fgp%2Fuppababy-upper-adapters-for-cruz-v2%2F55566%2F2074020&intsrc=CATF_8981,https://images.ctfassets.net/50gzycvace50/40c03afe11a4f0084a66daa20f57db2fac2bbcfa311fc2467f62ab15a29036c9/60709a19ff42609a102c3220b9454f19/40c03afe11a4f0084a66daa20f57db2fac2bbcfa311fc2467f62ab15a29036c9.png?fl=progressive&fm=jpg&bg=rgb:fafafa&w=620&h=620,t
cmqpibp5009vcdqwrx6ox7laa,babylist_impact,UPPAbaby,UPPAbaby Vista & Cruz Car Seat Adapters (Maxi-Cosi / Nuna / Cybex) - Vista V2 / Vista V3 / Cruz V2 / Cruz V3,Travel Systems & Adapters,car seat adapter,49.99,https://babylist.pxf.io/c/6560395/1056628/13580?u=https%3A%2F%2Fwww.babylist.com%2Fgp%2Fuppababy-vista-cruz-car-seat-adapters-for-maxi-cosi-nuna-and-cybex%2F24444%2F1052650&partnerpropertyid=7490466,https://images.ctfassets.net/50gzycvace50/d2d356b18074f74fce6c89be53cce738e53ad2570b32cf785f8a80cfec6402ae/b0d203e9b72a463aa08f65343fd3b6f5/d2d356b18074f74fce6c89be53cce738e53ad2570b32cf785f8a80cfec6402ae.png?fl=progressive&fm=jpg&bg=rgb:fafafa&w=1240&h=1240,t
cmqpibped09vfdqwr8h387jzw,babylist_impact,UPPAbaby,UPPAbaby Vista Lower Adapters,Travel Systems & Adapters,stroller adapter,39.99,https://babylist.pxf.io/c/6560395/1160375/13580?prodsku=1878758&u=https%3A%2F%2Fwww.babylist.com%2Fgp%2Fuppababy-vista-lower-adapters%2F24443%2F1878758&intsrc=CATF_8981,https://images.ctfassets.net/50gzycvace50/5652a1e1fb14800a6abdb45a26326db8f079d53f04cc3da7de947120639fa3d9/ca97518fba8abc3f31688f79ddd9781c/5652a1e1fb14800a6abdb45a26326db8f079d53f04cc3da7de947120639fa3d9.png?fl=progressive&fm=jpg&bg=rgb:fafafa&w=620&h=620,t
cmqx4ksld00j93a8upep0s8wy,shopify_macrobaby,UPPAbaby,"UPPABaby Vista Lower Infant Car Seat Adapter For Nuna, Cybex, And Maxi-Cosi",Travel Systems & Adapters,stroller adapter,49.99,https://www.macrobaby.com/products/uppababy-vista-lower-infant-car-seat-adapter-for-nuna-cybex-and-maxi-cosi?_j=taylormadebabyco.com,https://cdn.shopify.com/s/files/1/0325/7932/1915/files/uppababy-vista-lower-infant-car-seat-adapter-for-nuna-cybex-and-maxi-cosi_image_1.jpg?v=1770742722,t
cmqx4ko7u00hx3a8unc2ejwrn,shopify_macrobaby,UPPAbaby,Uppababy - Vista Upper Adapter,Travel Systems & Adapters,stroller adapter,39.99,https://www.macrobaby.com/products/uppababy-vista-upper-adapter?_j=taylormadebabyco.com,https://cdn.shopify.com/s/files/1/0325/7932/1915/files/uppababy-vista-upper-adapter_image_1.jpg?v=1774560767,t
cmqpibw0d09xidqwrl5z9rw34,babylist_impact,UPPAbaby,"""UPPAbaby Vista V3 Stroller, RumbleSeat V3 & Upper Adapters in Callum Size 16.3"""" x 25.7"""" x 33.8""""""",Travel Systems & Adapters,stroller adapter,1339.97,https://babylist.pxf.io/c/6560395/1160375/13580?prodsku=3133850&u=https%3A%2F%2Fwww.babylist.com%2Fgp%2Fuppababy-vista-v3-stroller-rumbleseat-v3-upper-adapters%2F81549%2F3133850&intsrc=CATF_8981,https://images.ctfassets.net/50gzycvace50/072d14af5a8ab0f32a70212f8f667cb8b64da72b5ce7fb488c47d7372c12a948/3ae9db38dd7b4aef8f26b23dc2c7f2cc/072d14af5a8ab0f32a70212f8f667cb8b64da72b5ce7fb488c47d7372c12a948.png?fl=progressive&fm=jpg&bg=rgb:fafafa&w=620&h=620,t
cmqpibwj909xodqwr7toj24a4,babylist_impact,UPPAbaby,"""UPPAbaby Vista V3 Stroller, RumbleSeat V3 & Upper Adapters in Greyson Size 16.3"""" x 25.7"""" x 33.8""""""",Travel Systems & Adapters,stroller adapter,1339.97,https://babylist.pxf.io/c/6560395/1160375/13580?prodsku=3133854&u=https%3A%2F%2Fwww.babylist.com%2Fgp%2Fuppababy-vista-v3-stroller-rumbleseat-v3-upper-adapters%2F81549%2F3133854&intsrc=CATF_8981,https://images.ctfassets.net/50gzycvace50/a9854df2cdb92c7dcab88b8ec775e5acb00dd424fd8b64b76efacf6b776a7da9/a8ae5aa12e36234f7b23b152e3e7183e/a9854df2cdb92c7dcab88b8ec775e5acb00dd424fd8b64b76efacf6b776a7da9.png?fl=progressive&fm=jpg&bg=rgb:fafafa&w=620&h=620,t
cmqpibw9s09xldqwreukn24bn,babylist_impact,UPPAbaby,"""UPPAbaby Vista V3 Stroller, RumbleSeat V3 & Upper Adapters in Kenzi Size 16.3"""" x 25.7"""" x 33.8""""""",Travel Systems & Adapters,stroller adapter,1239.97,https://babylist.pxf.io/c/6560395/1160375/13580?prodsku=3133860&u=https%3A%2F%2Fwww.babylist.com%2Fgp%2Fuppababy-vista-v3-stroller-rumbleseat-v3-upper-adapters%2F81549%2F3133860&intsrc=CATF_8981,https://images.ctfassets.net/50gzycvace50/f9569d77f9e8355c4d5e85026ee91f016072dcafa94a02f3912c4ab68445ce9d/e8ff35cc272d928814784f58a16fa922/f9569d77f9e8355c4d5e85026ee91f016072dcafa94a02f3912c4ab68445ce9d.png?fl=progressive&fm=jpg&bg=rgb:fafafa&w=620&h=620,t
cmqpibwsl09xrdqwr8el06yrh,babylist_impact,UPPAbaby,"""UPPAbaby Vista V3 Stroller, RumbleSeat V3 & Upper Adapters in Owen Size 16.3"""" x 25.7"""" x 33.8""""""",Travel Systems & Adapters,stroller adapter,1339.97,https://babylist.pxf.io/c/6560395/1160375/13580?prodsku=3133863&u=https%3A%2F%2Fwww.babylist.com%2Fgp%2Fuppababy-vista-v3-stroller-rumbleseat-v3-upper-adapters%2F81549%2F3133863&intsrc=CATF_8981,https://images.ctfassets.net/50gzycvace50/fc515669102c22410bb0587886c17036832f09ca79e93e9bbbb2527eecec0209/47ceb02f9fc48f3703957b553d534ae8/fc515669102c22410bb0587886c17036832f09ca79e93e9bbbb2527eecec0209.png?fl=progressive&fm=jpg&bg=rgb:fafafa&w=620&h=620,t
cmqpibvhh09xcdqwr4vnn98nm,babylist_impact,UPPAbaby,"""UPPAbaby Vista V3 Stroller, RumbleSeat V3 & Upper Adapters Size 16.3"""" x 25.7"""" x 33.8""""""",Travel Systems & Adapters,stroller adapter,1339.97,https://babylist.pxf.io/c/6560395/1160375/13580?prodsku=3133845&u=https%3A%2F%2Fwww.babylist.com%2Fgp%2Fuppababy-vista-v3-stroller-rumbleseat-v3-upper-adapters%2F81549%2F3133845&intsrc=CATF_8981,https://images.ctfassets.net/50gzycvace50/3ff5dea8d55bb2146ca3657bba2a1c9a26172183399f6e2f434905b4297ea028/3dbf847a243d8b5d211a48237514b77b/3ff5dea8d55bb2146ca3657bba2a1c9a26172183399f6e2f434905b4297ea028.png?fl=progressive&fm=jpg&bg=rgb:fafafa&w=620&h=620,t
cmqu9eg8r003c6bye0ytqqnfy,awin_anbbaby,Veer,Veer Cruiser Infant Car Seat Adapter - Britax,Travel Systems & Adapters,stroller adapter,79,https://www.awin1.com/cread.php?awinmid=75150&awinaffid=2588613&ued=https%3A%2F%2Fwww.anbbaby.com%2Fproducts%2Fveer-cruiser-infant-car-seat-adapter%3Fvariant%3D39314573164630,https://cdn.shopify.com/s/files/1/0030/3949/4244/files/veer-cruiser-infant-car-seat-adapterveeaics001blkanb-babyanb-baby-134014.jpg?v=1739547148,t
cmqu9eguj003i6byeauxz967r,awin_anbbaby,Veer,Veer Cruiser Infant Car Seat Adapter - Chicco,Travel Systems & Adapters,stroller adapter,79,https://www.awin1.com/cread.php?awinmid=75150&awinaffid=2588613&ued=https%3A%2F%2Fwww.anbbaby.com%2Fproducts%2Fveer-cruiser-infant-car-seat-adapter%3Fvariant%3D39314573230166,https://cdn.shopify.com/s/files/1/0030/3949/4244/files/veer-cruiser-infant-car-seat-adapterveeaics002blkanb-babyanb-baby-301803.jpg?v=1739547147,t
cmqx4ktny00jl3a8unzb7i2da,shopify_macrobaby,Veer,Veer - Cruiser Infant Car Seat Adapter (Cybex/Maxi-Cosi/Nuna),Travel Systems & Adapters,stroller adapter,79.99,https://www.macrobaby.com/products/veer-cruiser-infant-car-seat-adapter-for-cybex-maxi-cosi-doona?_j=taylormadebabyco.com,https://cdn.shopify.com/s/files/1/0325/7932/1915/files/veer-cruiser-infant-car-seat-adapter-for-cybex-maxi-cosi-doona_image_1.jpg?v=1769360148,t
cmqu9egkq003f6byecilkvvl5,awin_anbbaby,Veer,Veer Cruiser Infant Car Seat Adapter - Cybex / Maxi-Cosi / Nuna,Travel Systems & Adapters,stroller adapter,79,https://www.awin1.com/cread.php?awinmid=75150&awinaffid=2588613&ued=https%3A%2F%2Fwww.anbbaby.com%2Fproducts%2Fveer-cruiser-infant-car-seat-adapter%3Fvariant%3D39314573197398,https://cdn.shopify.com/s/files/1/0030/3949/4244/files/veer-cruiser-infant-car-seat-adapterveeaics003blkanb-babyanb-baby-876145.jpg?v=1739547151,t
cmqu9efwt00396byen4kyujy2,awin_anbbaby,Veer,Veer Cruiser Infant Car Seat Adapter - Graco,Travel Systems & Adapters,stroller adapter,79,https://www.awin1.com/cread.php?awinmid=75150&awinaffid=2588613&ued=https%3A%2F%2Fwww.anbbaby.com%2Fproducts%2Fveer-cruiser-infant-car-seat-adapter%3Fvariant%3D39314573131862,https://cdn.shopify.com/s/files/1/0030/3949/4244/files/veer-cruiser-infant-car-seat-adapterveeaics004blkanb-babyanb-baby-552180.jpg?v=1739547152,t
cmqu9ehg8003o6byef9kr4rs7,awin_anbbaby,Veer,Veer Cruiser Infant Car Seat Adapter - Peg Perego,Travel Systems & Adapters,stroller adapter,79,https://www.awin1.com/cread.php?awinmid=75150&awinaffid=2588613&ued=https%3A%2F%2Fwww.anbbaby.com%2Fproducts%2Fveer-cruiser-infant-car-seat-adapter%3Fvariant%3D39314573295702,https://cdn.shopify.com/s/files/1/0030/3949/4244/files/veer-cruiser-infant-car-seat-adapterveeaics006blkanb-babyanb-baby-303824.jpg?v=1739547154,t
cmqu9eh42003l6byeo88dck9e,awin_anbbaby,Veer,Veer Cruiser Infant Car Seat Adapter - Uppababy,Travel Systems & Adapters,stroller adapter,79,https://www.awin1.com/cread.php?awinmid=75150&awinaffid=2588613&ued=https%3A%2F%2Fwww.anbbaby.com%2Fproducts%2Fveer-cruiser-infant-car-seat-adapter%3Fvariant%3D39314573262934,https://cdn.shopify.com/s/files/1/0030/3949/4244/files/veer-cruiser-infant-car-seat-adapterveeaics005blkanb-babyanb-baby-464059.jpg?v=1739547156,t
cmqx4jxz7009r3a8ue1zgnvfp,shopify_macrobaby,Veer,Veer - Cruiser XL Infant Car Seat Adapter (Cybex/Nuna/Maxi-Cosi),Travel Systems & Adapters,stroller adapter,79.99,https://www.macrobaby.com/products/veer-cruiser-xl-infant-car-seat-adapter-compatible-with-cybex-nuna-maxi-cosi?_j=taylormadebabyco.com,https://cdn.shopify.com/s/files/1/0325/7932/1915/files/veer-cruiser-xl-infant-car-seat-adapter-compatible-with-cybex-nuna-maxi-cosi_image_1.jpg?v=1769360157,t
cmqpic9f90a1rdqwrede3uw0y,babylist_impact,Veer,Veer Infant Car Seat Adapter for Cruiser Wagon Size Cybex/Maxi-Cosi/Nuna,Travel Systems & Adapters,infant car seat adapter,79,https://babylist.pxf.io/c/6560395/1160375/13580?prodsku=69396&u=https%3A%2F%2Fwww.babylist.com%2Fgp%2Fveer-infant-car-seat-adapter-for-veer-cruiser-wagon%2F16069%2F69396&intsrc=CATF_8981,https://images.ctfassets.net/50gzycvace50/efb6f45455d5cdc94e9826b332d4513b31340cbe6c9988d7362fb6ba1b6f3eaf/b1e587237f9fc1bace2611566a4db483/efb6f45455d5cdc94e9826b332d4513b31340cbe6c9988d7362fb6ba1b6f3eaf.png?fl=progressive&fm=jpg&bg=rgb:fafafa&w=620&h=620,t
cmqpic95x0a1odqwroph4vebz,babylist_impact,Veer,Veer Infant Car Seat Adapter for Veer Cruiser Wagon (UPPAbaby),Travel Systems & Adapters,car seat adapter,69,https://babylist.pxf.io/c/6560395/1056628/13580?u=https%3A%2F%2Fwww.babylist.com%2Fgp%2Fveer-infant-car-seat-adapter-for-veer-cruiser-wagon%2F16069%2F307614&partnerpropertyid=7490466,https://images.ctfassets.net/50gzycvace50/01a0630d0f10d29236d1c944858fbcf1a3aa7725e31fbb271fe79bc610b9d874/48c2af7708873277311e53a4db33dbdc/01a0630d0f10d29236d1c944858fbcf1a3aa7725e31fbb271fe79bc610b9d874.png?fl=progressive&fm=jpg&bg=rgb:fafafa&w=1240&h=1240,t
cmqpicews0a3idqwra0pmmtnb,babylist_impact,Veer,Veer Switchback Infant Car Seat Adapter for &Roll / &Jog (Cybex / Nuna / Maxi-Cosi),Travel Systems & Adapters,car seat adapter,59,https://babylist.pxf.io/c/6560395/1056628/13580?u=https%3A%2F%2Fwww.babylist.com%2Fgp%2Fveer-switchback-infant-car-seat-adapter%2F26605%2F1267188&partnerpropertyid=7490466,https://images.ctfassets.net/50gzycvace50/c9c8c0fc721c2b7435672ec9c14e57076e8f60a2aa14a8dedd88d40d23a25a0d/dc63fe6677567c75fc457f4f5862c3ce/c9c8c0fc721c2b7435672ec9c14e57076e8f60a2aa14a8dedd88d40d23a25a0d.png?fl=progressive&fm=jpg&bg=rgb:fafafa&w=1240&h=1240,t
cmqpiceni0a3fdqwrz6vdu97k,babylist_impact,Veer,Veer Switchback Infant Car Seat Adapter for &Roll / &Jog (Graco),Travel Systems & Adapters,car seat adapter,59,https://babylist.pxf.io/c/6560395/1056628/13580?u=https%3A%2F%2Fwww.babylist.com%2Fgp%2Fveer-switchback-infant-car-seat-adapter%2F26605%2F1267187&partnerpropertyid=7490466,https://images.ctfassets.net/50gzycvace50/510f472a952aa73f907a36fca941d72e214ea6d6a6eb675feb036c10da375c09/50485b355a584aeefc3c84ee50d8e9e1/510f472a952aa73f907a36fca941d72e214ea6d6a6eb675feb036c10da375c09.png?fl=progressive&fm=jpg&bg=rgb:fafafa&w=1240&h=1240,t
cmqpicf6e0a3ldqwr9slt752c,babylist_impact,Veer,Veer Switchback Infant Car Seat Adapter for &Roll / &Jog (UPPAbaby),Travel Systems & Adapters,car seat adapter,59,https://babylist.pxf.io/c/6560395/1056628/13580?u=https%3A%2F%2Fwww.babylist.com%2Fgp%2Fveer-switchback-infant-car-seat-adapter%2F26605%2F1267189&partnerpropertyid=7490466,https://images.ctfassets.net/50gzycvace50/c7355f8151ecc5ecfe28be7e4719224c9e87abc483557529087ceacceb260766/bc5855b5645c2f6e03dc852dafa581be/c7355f8151ecc5ecfe28be7e4719224c9e87abc483557529087ceacceb260766.png?fl=progressive&fm=jpg&bg=rgb:fafafa&w=1240&h=1240,t
cmqpice4h0a39dqwrt95xsvec,babylist_impact,Veer,Veer Switchback Infant Car Seat Adapter in Britax,Travel Systems & Adapters,infant car seat adapter,59,https://babylist.pxf.io/c/6560395/1160375/13580?prodsku=1267185&u=https%3A%2F%2Fwww.babylist.com%2Fgp%2Fveer-switchback-infant-car-seat-adapter%2F26605%2F1267185&intsrc=CATF_8981,https://images.ctfassets.net/50gzycvace50/5102c8b837a7e39754bb625788f9d88e1e6ef6954911e8f66c7863159249d759/2c47256dc2fd74c97b49ec53e1d49c5e/5102c8b837a7e39754bb625788f9d88e1e6ef6954911e8f66c7863159249d759.png?fl=progressive&fm=jpg&bg=rgb:fafafa&w=620&h=620,t
cmqpicfrj0a3rdqwr1nxqqkqz,babylist_impact,Veer,Veer Switchback Second Seat Adapter Kit,Travel Systems & Adapters,stroller adapter,69,https://babylist.pxf.io/c/6560395/1160375/13580?prodsku=1267190&u=https%3A%2F%2Fwww.babylist.com%2Fgp%2Fveer-switchback-second-seat-adapter-kit%2F26606%2F1267190&intsrc=CATF_8981,https://images.ctfassets.net/50gzycvace50/0f4f81b3350fe996c904af0b161284d5ed46c20f3e3e33c9193a18af3bc4ff71/68eda6d0c09eed5cf7abf4ebf86b6255/0f4f81b3350fe996c904af0b161284d5ed46c20f3e3e33c9193a18af3bc4ff71.png?fl=progressive&fm=jpg&bg=rgb:fafafa&w=620&h=620,t
cmqx6m6mb002o3ld4xqscwxlx,shopify_macrobaby,WonderFold,Wonderfold - W2 Car Seat Adapter Graco,Travel Systems & Adapters,stroller adapter,94.99,https://www.macrobaby.com/products/wonderfold-w2-car-seat-adapter-graco?_j=taylormadebabyco.com,https://cdn.shopify.com/s/files/1/0325/7932/1915/files/wonderfold-w2-car-seat-adapter-graco_image_1.jpg?v=1769361720,t
cmqx6m5iz002f3ld4axngumss,shopify_macrobaby,WonderFold,Wonderfold - W4 Series Car Seat Adapter Graco,Travel Systems & Adapters,stroller adapter,99.99,https://www.macrobaby.com/products/wonderfold-w4-series-car-seat-adapter-graco?_j=taylormadebabyco.com,https://cdn.shopify.com/s/files/1/0325/7932/1915/files/wonderfold-w4-series-car-seat-adapter-graco_image_1.jpg?v=1767995434,t
cmqx6liuz001c3ld4krdhu97m,shopify_macrobaby,WonderFold,Wonderfold - W4 Series Car Seat Adapter (Opposite Bench),Travel Systems & Adapters,stroller adapter,99.99,https://www.macrobaby.com/products/wonderfold-w4-series-car-seat-adapter?_j=taylormadebabyco.com,https://cdn.shopify.com/s/files/1/0325/7932/1915/files/wonderfold-w4-series-car-seat-adapter_image_1.jpg?v=1769361729,t
cmqpidh360afcdqwry8nzodwo,babylist_impact,Zoe,Zoe The Journey Car Seat Adapter (Chicco),Travel Systems & Adapters,car seat adapter,55,https://babylist.pxf.io/c/6560395/1056628/13580?u=https%3A%2F%2Fwww.babylist.com%2Fgp%2Fzoe-journey-car-seat-adapter-chicco%2F69946%2F2332488&partnerpropertyid=7490466,https://images.ctfassets.net/50gzycvace50/1d111714cb311882ec382eaeac2fc92e7b3fcb3509a833abb006641e07e2216c/a1662ba6c4d2214b652eb5a5a02fade5/1d111714cb311882ec382eaeac2fc92e7b3fcb3509a833abb006641e07e2216c.png?fl=progressive&fm=jpg&bg=rgb:fafafa&w=1240&h=1240,t
cmqpidhc80affdqwr4r54laml,babylist_impact,Zoe,Zoe The Journey Car Seat Adapter (Nuna / Maxi-Cosi / Cybex / Britax),Travel Systems & Adapters,car seat adapter,55,https://babylist.pxf.io/c/6560395/1056628/13580?u=https%3A%2F%2Fwww.babylist.com%2Fgp%2Fzoe-journey-car-seat-adapter-nuna-maxi-cosi-cybex-britax%2F69947%2F2332490&partnerpropertyid=7490466,https://images.ctfassets.net/50gzycvace50/08ba5fc75e627ab91049c2f501c7844fcf8d838c5adbf0bb13a4e04af9c9791b/0e54f592d624d123a0003f95964f753a/08ba5fc75e627ab91049c2f501c7844fcf8d838c5adbf0bb13a4e04af9c9791b.png?fl=progressive&fm=jpg&bg=rgb:fafafa&w=1240&h=1240,t
cmr49ufl100095t020etiygi5,babylist_impact,Zoe,Zoe Tour Car Seat Adapter for UPPAbaby (Tour v3),Travel Systems & Adapters,car seat adapter,55,https://babylist.pxf.io/c/6560395/1056628/13580?u=https%3A%2F%2Fwww.babylist.com%2Fgp%2Fzoe-tour-v3-uppababy-car-seat-adapter%2F84628%2F3404367&partnerpropertyid=7490466,https://images.ctfassets.net/50gzycvace50/7ec03b684317dba62e822ca30c0c46a0063acab1c84f874711e152f7bfaedd80/35f1807154699ea8aabc99bb61797180/7ec03b684317dba62e822ca30c0c46a0063acab1c84f874711e152f7bfaedd80.png?fl=progressive&fm=jpg&bg=rgb:fafafa&w=1240&h=1240,t
cmr4cxoam000cjmf4xzioq49c,babylist_impact,Zoe,Zoe Tour Car Seat Adapter (Graco / Chicco) - Tour v3,Travel Systems & Adapters,car seat adapter,55,https://babylist.pxf.io/c/6560395/1056628/13580?u=https%3A%2F%2Fwww.babylist.com%2Fgp%2Fzoe-tour-v3-graco-chicco-car-seat-adapter%2F84625%2F3404326&partnerpropertyid=7490466,https://images.ctfassets.net/50gzycvace50/cedab2a30d8548db65e4f717b16e38ebb587eead065fc506ea4d45214cf3bd19/a20dd6c2c8d8b6630756dfe8d0f2b956/cedab2a30d8548db65e4f717b16e38ebb587eead065fc506ea4d45214cf3bd19.png?fl=progressive&fm=jpg&bg=rgb:fafafa&w=1240&h=1240,t
cmr4cxo180006jmf40rfhiyie,babylist_impact,Zoe,Zoe Tour Car Seat Adapter (Nuna / Maxi-Cosi / Cybex / Britax) - Tour v3,Travel Systems & Adapters,car seat adapter,55,https://babylist.pxf.io/c/6560395/1056628/13580?u=https%3A%2F%2Fwww.babylist.com%2Fgp%2Fzoe-tour-v3-nuna-car-seat-adapter%2F84622%2F3404306&partnerpropertyid=7490466,https://images.ctfassets.net/50gzycvace50/dd061c9c9429932bde2e984c8015df2d5a61dc9eefe121ccd1ecc992426c0039/bc1be64dafcbc5e5ee47dc6e3e026024/dd061c9c9429932bde2e984c8015df2d5a61dc9eefe121ccd1ecc992426c0039.png?fl=progressive&fm=jpg&bg=rgb:fafafa&w=1240&h=1240,t
cmr49ufq7000c5t02k68mq2m5,babylist_impact,Zoe,Zoe Twin Car Seat Adapter for UPPAbaby (Twin v3),Travel Systems & Adapters,car seat adapter,55,https://babylist.pxf.io/c/6560395/1056628/13580?u=https%3A%2F%2Fwww.babylist.com%2Fgp%2Fzoe-twin-v3-uppababy-car-seat-adapter%2F84624%2F3404323&partnerpropertyid=7490466,https://images.ctfassets.net/50gzycvace50/7ca7cf675209dbbc936c0c91cff8315a97ec2796049d4bcdae3675a2523c0061/fcc0bd78a66f5146c035b8d25450ae2e/7ca7cf675209dbbc936c0c91cff8315a97ec2796049d4bcdae3675a2523c0061.png?fl=progressive&fm=jpg&bg=rgb:fafafa&w=1240&h=1240,t
cmqpidobz0ahldqwr9uyga7nk,babylist_impact,Zoe,Zoe Twin Car Seat Adapter (Nuna / Maxi-Cosi / Cybex / Britax) - Twin / Trio / Tribe,Travel Systems & Adapters,car seat adapter,55,https://babylist.pxf.io/c/6560395/1056628/13580?u=https%3A%2F%2Fwww.babylist.com%2Fgp%2Fzoe-the-twin-trio-tribe-nuna-car-seat-adapter%2F57083%2F2082699&partnerpropertyid=7490466,https://images.ctfassets.net/50gzycvace50/b703bf970f87849200c03cdba60a3bdd2b890cdebe20b77ce8452f49712bd70a/6a2e542745562b3d31a198baeaede157/b703bf970f87849200c03cdba60a3bdd2b890cdebe20b77ce8452f49712bd70a.png?fl=progressive&fm=jpg&bg=rgb:fafafa&w=1240&h=1240,t
cmqpido2n0ahidqwrl80ogszb,babylist_impact,Zoe,Zoe Twin & Tour Car Seat Adapter (Graco / Chicco) - Twin / Trio / Tribe,Travel Systems & Adapters,car seat adapter,55,https://babylist.pxf.io/c/6560395/1056628/13580?u=https%3A%2F%2Fwww.babylist.com%2Fgp%2Fzoe-the-twin-trio-tribe-and-tour-v3-graco-chicco-car-seat-adapter%2F55624%2F2082700&partnerpropertyid=7490466,https://images.ctfassets.net/50gzycvace50/6a2a3a39d15c2548c16016ea85266ef7655ff6846f2492b92217c5642b4b58a4/5608570cf444be28d0b703597d617958/6a2a3a39d15c2548c16016ea85266ef7655ff6846f2492b92217c5642b4b58a4.png?fl=progressive&fm=jpg&bg=rgb:fafafa&w=1240&h=1240,t
