id,brand,model,displayName,seat_type,summary,amazonUrl,manualBabylistUrl,imageUrl,babylistSku,babylistUrl,babylistPrice,babylistImage,createdAt,updatedAt
baby-jogger-city-go-2,Baby Jogger,City GO 2,Baby Jogger City GO 2,INFANT,Lightweight infant car seat with Maxi-Cosi-style click connector; compatible with Mockingbird via Nuna/Maxi-Cosi/CYBEX adapter,,,,product_8981_219570,https://babylist.pxf.io/c/6560395/1160375/13580?prodsku=219570&u=https%3A%2F%2Fwww.babylist.com%2Fgp%2Fbaby-jogger-city-go-2-infant-car-seat%2F15094%2F219570&intsrc=APIG_8981,399.99,https://images.ctfassets.net/50gzycvace50/120168dce52c83f3135455e7fcc39e65761f4c72c3db6db73c414087be94cd92/efbda51a88bdff65e0adadef060760ee/120168dce52c83f3135455e7fcc39e65761f4c72c3db6db73c414087be94cd92.png?fl=progressive&fm=jpg&bg=rgb:fafafa&w=620&h=620,2026-06-13 20:48:32.741,2026-06-21 03:52:00.282
cmqx4qowc000038356zwhetli,Baby Trend,EZ-Lift Pro,Baby Trend EZ-Lift Pro,INFANT,MacroBaby catalog infant car seat. Retailer offer is resolved from the affiliate catalog.,,,,,https://babylist.pxf.io/c/6560395/1160375/13580?prodsku=2181869&u=https%3A%2F%2Fwww.babylist.com%2Fgp%2Fbaby-trend-ez-lift-pro-infant-car-seat%2F58136%2F2181869&intsrc=CATF_8981,119.99,https://images.ctfassets.net/50gzycvace50/69797e9b5d83b535f96e00883b91aa5875e453dde7f825a3f2ed6d5c96ea67d1/a6f64e417b2ffdeba135cb118153933c/69797e9b5d83b535f96e00883b91aa5875e453dde7f825a3f2ed6d5c96ea67d1.png?fl=progressive&fm=jpg&bg=rgb:fafafa&w=620&h=620,2026-06-28 01:48:18.444,2026-06-28 01:55:55.069
cmqx4qp1700013835r8xduy8t,Baby Trend,Secure-Lift 35,Baby Trend Secure-Lift 35,INFANT,MacroBaby catalog infant car seat. Retailer offer is resolved from the affiliate catalog.,,,,,https://babylist.pxf.io/c/6560395/1160375/13580?prodsku=1701777&u=https%3A%2F%2Fwww.babylist.com%2Fgp%2Fbaby-trend-secure-lift-35-infant-car-seat%2F44801%2F1701777&intsrc=CATF_8981,154.99,https://images.ctfassets.net/50gzycvace50/40b1d0d23dc9c8ac181994ea8ccd9d696eb63b5ad33fca3093c680920ab122c4/04ff208874844f478efc78878e6b8a75/40b1d0d23dc9c8ac181994ea8ccd9d696eb63b5ad33fca3093c680920ab122c4.png?fl=progressive&fm=jpg&bg=rgb:fafafa&w=620&h=620,2026-06-28 01:48:18.62,2026-06-28 01:55:55.239
britax-cypress-s,Britax,Cypress S,Britax Cypress,INFANT,Infant car seat,,,https://m.media-amazon.com/images/I/718lRGU5fiL._SX679_.jpg,,,,,2026-03-22 17:19:43.93,2026-07-26 20:33:21.046
cmrdwvbnq000t7tmafab2vby3,Britax,Galaxy 360,Britax Galaxy 360,CONVERTIBLE,,https://amzn.to/44JJX02,,,,https://babylist.pxf.io/c/6560395/1056628/13580?u=https%3A%2F%2Fwww.babylist.com%2Fgp%2Fbritax-galaxy360-slim-rotating-convertible-car-seat%2F80446%2F2903589&partnerpropertyid=7490466,,https://encrypted-tbn0.gstatic.com/images?q=tbn:ANd9GcSVQTIERwNDTh61LVlva542uP0vx2y2HmBT3XEUUrtYgw&s,2026-07-09 19:40:02.63,2026-07-09 19:40:02.63
britax-willow-s,Britax,Willow S,Britax Willow S,INFANT,Britax infant car seat — uses the shared Maxi-Cosi / Nuna / CYBEX / Clek click-and-go adapter.,,,https://m.media-amazon.com/images/I/719e+8XYpWL._SL1500_.jpg,,,,https://cdn.shopify.com/s/files/1/0685/7329/8919/files/britax-willow-s-infant-car-seat-with-alpine-anti-rebound-base-graphite-onyx-87.jpg?v=1763451621,2026-03-22 17:19:43.856,2026-07-26 20:30:02.384
cmqt1dq4e00043u44vihpznhm,Britax,Willow SC,,INFANT,Britax infant car seat — uses the shared Maxi-Cosi / Nuna / CYBEX / Clek click-and-go adapter.,,,https://m.media-amazon.com/images/I/818HJZHdg4L._SL1500_.jpg,,,,https://cdn.shopify.com/s/files/1/0685/7329/8919/files/britax-willow-sc-infant-car-seat-with-alpine-base-pindot-onyx-95.jpg?v=1763451496,2026-06-25 05:03:09.95,2026-07-26 20:30:48.179
cmqx4qp4e00023835j1p6ghf9,Bugaboo,Turtle Air Shield by Nuna,Bugaboo Turtle Air Shield by Nuna,INFANT,MacroBaby catalog infant car seat. Retailer offer is resolved from the affiliate catalog.,,,,,https://babylist.pxf.io/c/6560395/1160375/13580?prodsku=2116047&u=https%3A%2F%2Fwww.babylist.com%2Fgp%2Fbugaboo-turtle-air-shield-by-nuna-car-seat-recline-base%2F56787%2F2116047&intsrc=CATF_8981,649,https://images.ctfassets.net/50gzycvace50/ca18dd160323f5276e097170b7e254a408ebade014a43e08106c396f97beca95/3a4476d44f0222e97ff67f35cabee299/ca18dd160323f5276e097170b7e254a408ebade014a43e08106c396f97beca95.png?fl=progressive&fm=jpg&bg=rgb:fafafa&w=620&h=620,2026-06-28 01:48:18.735,2026-06-28 01:55:55.324
chicco-keyfit-30,Chicco,KeyFit 30,Chicco KeyFit 30,INFANT,"Lightweight, easy-to-install Chicco infant seat compatible with a wide range of strollers via Chicco adapter",,,,product_8981_1101932,https://babylist.pxf.io/c/6560395/1160375/13580?prodsku=1101932&u=https%3A%2F%2Fwww.babylist.com%2Fgp%2Fchicco-keyfit-30-cleartex-infant-car-seat%2F24729%2F1101932&intsrc=APIG_8981,229.99,https://images.ctfassets.net/50gzycvace50/74bc391c3db5478d7451c52918f1ee631ae6846387b3d7adb754fdcebbc7421c/17f4fae7cdcc9471ef294f73e8811cb5/74bc391c3db5478d7451c52918f1ee631ae6846387b3d7adb754fdcebbc7421c.png?fl=progressive&fm=jpg&bg=rgb:fafafa&w=620&h=620,2026-06-15 20:33:14.735,2026-06-21 03:52:02.362
cmqx4qp6y00033835pgtlizxk,Chicco,KeyFit 30 ClearTex,Chicco KeyFit 30 ClearTex,INFANT,MacroBaby catalog infant car seat. Retailer offer is resolved from the affiliate catalog.,,,,,https://babylist.pxf.io/c/6560395/1160375/13580?prodsku=1101932&u=https%3A%2F%2Fwww.babylist.com%2Fgp%2Fchicco-keyfit-30-cleartex-infant-car-seat%2F24729%2F1101932&intsrc=CATF_8981,229.99,https://images.ctfassets.net/50gzycvace50/74bc391c3db5478d7451c52918f1ee631ae6846387b3d7adb754fdcebbc7421c/17f4fae7cdcc9471ef294f73e8811cb5/74bc391c3db5478d7451c52918f1ee631ae6846387b3d7adb754fdcebbc7421c.png?fl=progressive&fm=jpg&bg=rgb:fafafa&w=620&h=620,2026-06-28 01:48:18.827,2026-06-28 01:55:55.408
cmqx4qp9s00043835h85g6sl0,Chicco,KeyFit Max ClearTex,Chicco KeyFit Max ClearTex,INFANT,MacroBaby catalog infant car seat. Retailer offer is resolved from the affiliate catalog.,,,,,https://babylist.pxf.io/c/6560395/1160375/13580?prodsku=2383558&u=https%3A%2F%2Fwww.babylist.com%2Fgp%2Fchicco-keyfit-max-cleartex-infant-car-seat%2F71751%2F2383558&intsrc=CATF_8981,249.99,https://images.ctfassets.net/50gzycvace50/11a35a05e026ca0ad2855f846f8b0ad59f2f109eab19876d6ac6a7deace734d6/ff55cb0338585bbee0960b9cc1b514c0/11a35a05e026ca0ad2855f846f8b0ad59f2f109eab19876d6ac6a7deace734d6.png?fl=progressive&fm=jpg&bg=rgb:fafafa&w=620&h=620,2026-06-28 01:48:18.928,2026-06-28 01:55:55.49
cmqx4qpc50005383512d994gn,Chicco,KeyFit Max Zip ClearLux,Chicco KeyFit Max Zip ClearLux,INFANT,MacroBaby catalog infant car seat. Retailer offer is resolved from the affiliate catalog.,,,,,https://babylist.pxf.io/c/6560395/1160375/13580?prodsku=2383554&u=https%3A%2F%2Fwww.babylist.com%2Fgp%2Fchicco-keyfit-max-zip-clearlux-infant-car-seat%2F71749%2F2383554&intsrc=CATF_8981,349.99,https://images.ctfassets.net/50gzycvace50/ae80e07cfe5b56aa182805e925b2ce4b21b371ba5e116285c65fa9604bf36f4d/84dfe4556c4530a3eacfd99c93b53ab3/ae80e07cfe5b56aa182805e925b2ce4b21b371ba5e116285c65fa9604bf36f4d.png?fl=progressive&fm=jpg&bg=rgb:fafafa&w=620&h=620,2026-06-28 01:48:19.013,2026-06-28 01:55:55.576
cmqx4qpeg00063835eten1p5s,Chicco,KeyFit Max Zip ClearTex,Chicco KeyFit Max Zip ClearTex,INFANT,MacroBaby catalog infant car seat. Retailer offer is resolved from the affiliate catalog.,,,,,https://babylist.pxf.io/c/6560395/1160375/13580?prodsku=2383555&u=https%3A%2F%2Fwww.babylist.com%2Fgp%2Fchicco-keyfit-max-zip-cleartex-infant-car-seat%2F71750%2F2383555&intsrc=CATF_8981,299.99,https://images.ctfassets.net/50gzycvace50/bc3e1892caf1ee133e3e514bdc77638eb9a8d88aa5edb5b2479f1a5b924ffa82/da50f7050a052a2ce146e037dfb36c13/bc3e1892caf1ee133e3e514bdc77638eb9a8d88aa5edb5b2479f1a5b924ffa82.png?fl=progressive&fm=jpg&bg=rgb:fafafa&w=620&h=620,2026-06-28 01:48:19.097,2026-06-28 01:55:55.662
clek-liing,Clek,Liing,Clek Liing,INFANT,Infant car seat,,,,product_8981_2028173,https://babylist.pxf.io/c/6560395/1160375/13580?prodsku=2028173&u=https%3A%2F%2Fwww.babylist.com%2Fgp%2Fclek-liing-infant-car-seat%2F14716%2F2028173&intsrc=APIG_8981,499.99,https://images.ctfassets.net/50gzycvace50/9c6d6f739c907871d08730127151ca04bc436b3e1273c895499d450c70f15e07/f44ce767d22f51706ce97585e8001ebb/9c6d6f739c907871d08730127151ca04bc436b3e1273c895499d450c70f15e07.png?fl=progressive&fm=jpg&bg=rgb:fafafa&w=620&h=620,2026-03-22 17:19:43.93,2026-06-21 03:52:00.078
clek-liingo,Clek,Liingo,Clek Liingo,INFANT,Baseless infant car seat,https://amzn.to/3TKZTgg,,,,,,https://cdn.shopify.com/s/files/1/0685/7329/8919/files/clek-liingo-lightweight-infant-car-seat-latte-ziip-1233394020.webp?v=1780533729,2026-03-22 17:19:43.93,2026-07-31 01:48:54.548
cmqx4qpgs00073835wm1de2we,Cybex,Aton G2,Cybex Aton G2,INFANT,MacroBaby catalog infant car seat. Retailer offer is resolved from the affiliate catalog.,,,,,https://babylist.pxf.io/c/6560395/1160375/13580?prodsku=2797217&u=https%3A%2F%2Fwww.babylist.com%2Fgp%2Fcybex-aton-g2-infant-car-seat-with-load-leg-base%2F78438%2F2797217&intsrc=CATF_8981,399.95,https://images.ctfassets.net/50gzycvace50/0bd2250e953d61b0ec1ddec8a3574eb6a065f1ee1481e02c7cc119e289357f10/ee4989acada011406c4ca77097870ec1/0bd2250e953d61b0ec1ddec8a3574eb6a065f1ee1481e02c7cc119e289357f10.png?fl=progressive&fm=jpg&bg=rgb:fafafa&w=620&h=620,2026-06-28 01:48:19.18,2026-06-28 01:55:55.745
cmrdwvbsy000u7tmavhnk64ww,Cybex,Aton G2 Swivel,CYBEX Aton G2 Swivel,INFANT,,https://amzn.to/44eNIKS,,,,https://babylist.pxf.io/c/6560395/1056628/13580?u=https%3A%2F%2Fwww.babylist.com%2Fstore%2Fsearch%3Fsearch_term%3DCYBEX%2BAton%2BG2%2BSwivel&partnerpropertyid=7490466,,https://images.ctfassets.net/50gzycvace50/091c43fb4648c24fe4e8233d3588c8934465dc91c29fd1ea07f756de6d84581a/b70d050d80b4f2c6c7428d4193b81bcd/091c43fb4648c24fe4e8233d3588c8934465dc91c29fd1ea07f756de6d84581a.png?fl=progressive&fm=jpg&bg=rgb:fafafa&w=1240&h=1240,2026-07-09 19:40:02.818,2026-07-22 22:12:54.378
cmqx4qpj400083835htva49ii,Cybex,Cloud G Pro Comfort Extend,Cybex Cloud G Pro,INFANT,MacroBaby catalog infant car seat. Retailer offer is resolved from the affiliate catalog.,,,,,https://babylist.pxf.io/c/6560395/1160375/13580?prodsku=2732817&u=https%3A%2F%2Fwww.babylist.com%2Fgp%2Fcybex-cloud-g-pro-comfort-extend-infant-car-seat%2F77670%2F2732817&intsrc=CATF_8981,599.95,https://images.ctfassets.net/50gzycvace50/61611ba22d43f089a025a3b720b147cbaabf8074a953ca0ce4e804d9f29acfca/978734c03cb002272686edd9373c1388/61611ba22d43f089a025a3b720b147cbaabf8074a953ca0ce4e804d9f29acfca.png?fl=progressive&fm=jpg&bg=rgb:fafafa&w=620&h=620,2026-06-28 01:48:19.264,2026-07-24 20:43:45.299
cybex-cloud-t,Cybex,Cloud T,CYBEX Cloud T,INFANT,Infant car seat,,,,product_8981_3316453,https://babylist.pxf.io/c/6560395/1160375/13580?prodsku=3316453&u=https%3A%2F%2Fwww.babylist.com%2Fgp%2Fcybex-cloud-t-comfort-extend-infant-car-seat-with-sensorsafe%2F58039%2F3316453&intsrc=APIG_8981,649.95,https://images.ctfassets.net/50gzycvace50/8bd32d012e5457ea8b0f69b75c6be5cc1e4a6ba13fd4573bc933e38debb5e15b/9c9c09afe1055a3d2f20f54b1cdf73ca/8bd32d012e5457ea8b0f69b75c6be5cc1e4a6ba13fd4573bc933e38debb5e15b.png?fl=progressive&fm=jpg&bg=rgb:fafafa&w=620&h=620,2026-03-22 17:19:43.93,2026-07-03 01:32:21.49
cmqx4qpnw000a3835ebidrs9t,Doona,Doona,Doona,INFANT,MacroBaby catalog infant car seat. Retailer offer is resolved from the affiliate catalog.,,,,,https://babylist.pxf.io/c/6560395/1160375/13580?prodsku=411207&u=https%3A%2F%2Fwww.babylist.com%2Fgp%2Fdoona-infant-car-seat-stroller-midnight-edition%2F19926%2F411207&intsrc=CATF_8981,750,https://images.ctfassets.net/50gzycvace50/bca80d1447d350fa663bc649625e0437c7e37ee7c552bfde02cc99473116f67d/a129e17651522d883ebecd6c07d60f84/bca80d1447d350fa663bc649625e0437c7e37ee7c552bfde02cc99473116f67d.png?fl=progressive&fm=jpg&bg=rgb:fafafa&w=620&h=620,2026-06-28 01:48:19.436,2026-06-28 01:55:55.993
cmrdwvbwc000v7tmajufgdt7k,Doona,X,Doona X,INFANT,,,,,,,,https://cdn.shopify.com/s/files/1/0325/7932/1915/files/1_Doona_X_Nitro_Black_1.webp?v=1779905529,2026-07-09 19:40:02.941,2026-07-09 19:40:02.941
cmqx4qpsh000c3835q2cpm0f5,Evenflo,LiteMax NXT,Evenflo LiteMax NXT,INFANT,MacroBaby catalog infant car seat. Retailer offer is resolved from the affiliate catalog.,,,,,https://babylist.pxf.io/c/6560395/1160375/13580?prodsku=2423865&u=https%3A%2F%2Fwww.babylist.com%2Fgp%2Fevenflo-litemax-nxt-infant-car-seat-with-sensorysoothe%2F73031%2F2423865&intsrc=CATF_8981,299.99,https://images.ctfassets.net/50gzycvace50/bfd6c1277a5c04ba19b4399c94e9e3e75af63130d571b163c441f8fdf64efcaa/19b17240655622bb221fa2e4e8eed2ee/bfd6c1277a5c04ba19b4399c94e9e3e75af63130d571b163c441f8fdf64efcaa.png?fl=progressive&fm=jpg&bg=rgb:fafafa&w=620&h=620,2026-06-28 01:48:19.602,2026-06-28 01:55:56.074
cmqx4qpuv000d3835u7w79rhg,Evenflo,Revolve180 LiteMax NXT Rotational,Evenflo Revolve180 LiteMax NXT Rotational,INFANT,MacroBaby catalog infant car seat. Retailer offer is resolved from the affiliate catalog.,,,,,https://babylist.pxf.io/c/6560395/1160375/13580?prodsku=2417736&u=https%3A%2F%2Fwww.babylist.com%2Fgp%2Fevenflo-revolve180-litemax-nxt-rotational-infant-car-seat-with-sensorysoothe%2F72981%2F2417736&intsrc=CATF_8981,379.99,https://images.ctfassets.net/50gzycvace50/d08b583904955476e39c15bdbcbb03f9208ce8e87d3ca711b7dbb93f787cd15e/2efc848b90c3426df4a023c588002c0e/d08b583904955476e39c15bdbcbb03f9208ce8e87d3ca711b7dbb93f787cd15e.png?fl=progressive&fm=jpg&bg=rgb:fafafa&w=620&h=620,2026-06-28 01:48:19.688,2026-06-28 01:55:56.161
cmqx4qpx8000e3835nvrnxr0i,Graco,GoMax,Graco GoMax,INFANT,MacroBaby catalog infant car seat. Retailer offer is resolved from the affiliate catalog.,,,,,https://babylist.pxf.io/c/6560395/1160375/13580?prodsku=2341063&u=https%3A%2F%2Fwww.babylist.com%2Fgp%2Fgraco-gomax-baseless-infant-car-seat-ft-insta-install-rigid-latch%2F70367%2F2341063&intsrc=CATF_8981,249.99,https://images.ctfassets.net/50gzycvace50/e3387a8a0a54a68a4f60c1303e71931d0ad15efe94863af929241fc3677353e0/a965a9e624f02cc15577f25e565e2c8f/e3387a8a0a54a68a4f60c1303e71931d0ad15efe94863af929241fc3677353e0.png?fl=progressive&fm=jpg&bg=rgb:fafafa&w=620&h=620,2026-06-28 01:48:19.772,2026-06-28 01:55:56.254
cmqx4qpzp000f3835i6cp9pth,Graco,SnugRide Lite LX,Graco SnugRide Lite LX,INFANT,MacroBaby catalog infant car seat. Retailer offer is resolved from the affiliate catalog.,,,,,https://babylist.pxf.io/c/6560395/1160375/13580?prodsku=351788&u=https%3A%2F%2Fwww.babylist.com%2Fgp%2Fgraco-snugride-lite-lx-infant-car-seat%2F17838%2F351788&intsrc=CATF_8981,139.99,https://images.ctfassets.net/50gzycvace50/c7246fd8c0aa2439da3707e0f7d0774ce2c05a2416152837aac628caa972519d/050fa0ff21c90013bbb681b57a04697f/c7246fd8c0aa2439da3707e0f7d0774ce2c05a2416152837aac628caa972519d.png?fl=progressive&fm=jpg&bg=rgb:fafafa&w=620&h=620,2026-06-28 01:48:19.861,2026-06-28 01:55:56.337
cmqx4qq4h000h3835n8ni2r9m,Graco,SnugRide SnugFit,Graco SnugRide SnugFit,INFANT,MacroBaby catalog infant car seat. Retailer offer is resolved from the affiliate catalog.,,,,,https://babylist.pxf.io/c/6560395/1160375/13580?prodsku=529534&u=https%3A%2F%2Fwww.babylist.com%2Fgp%2Fgraco-snugride-snugfit-infant-car-seat%2F20466%2F529534&intsrc=CATF_8981,179.99,https://images.ctfassets.net/50gzycvace50/438c4be0647150c20072665c0664f652b98e60277243bbc57b3e306b57e022f1/173801cb67d20b0fb6c9a3e24897fff7/438c4be0647150c20072665c0664f652b98e60277243bbc57b3e306b57e022f1.png?fl=progressive&fm=jpg&bg=rgb:fafafa&w=620&h=620,2026-06-28 01:48:20.033,2026-06-28 01:55:56.502
cmqx4qq26000g3835g3mh924j,Graco,SnugRide SnugFit DLX,Graco SnugRide SnugFit DLX,INFANT,MacroBaby catalog infant car seat. Retailer offer is resolved from the affiliate catalog.,,,,,https://babylist.pxf.io/c/6560395/1160375/13580?prodsku=1111843&u=https%3A%2F%2Fwww.babylist.com%2Fgp%2Fgraco-snugride-snugfit-dlx-infant-car-seat%2F20467%2F1111843&intsrc=CATF_8981,239.99,https://images.ctfassets.net/50gzycvace50/83760cccbb92dd081d0d515be15f4abb5a561517a2ff6a88c502a6ea4227f6d0/5a77665a8be76549c4983de7395bafd2/83760cccbb92dd081d0d515be15f4abb5a561517a2ff6a88c502a6ea4227f6d0.png?fl=progressive&fm=jpg&bg=rgb:fafafa&w=620&h=620,2026-06-28 01:48:19.95,2026-06-28 01:55:56.421
cmqx4qq6u000i3835j7t2euy8,Graco,SnugRide SnugFit LX,Graco SnugRide SnugFit LX,INFANT,MacroBaby catalog infant car seat. Retailer offer is resolved from the affiliate catalog.,,,,,https://babylist.pxf.io/c/6560395/1160375/13580?prodsku=529540&u=https%3A%2F%2Fwww.babylist.com%2Fgp%2Fgraco-snugride-snugfit-lx-infant-car-seat%2F20469%2F529540&intsrc=CATF_8981,219.99,https://images.ctfassets.net/50gzycvace50/8a817aa53ed7f1233e6974ac6c34d56ec1470ceffb92658181866071f4c84eff/5159b62b94ad4c160e2bb836398f7826/8a817aa53ed7f1233e6974ac6c34d56ec1470ceffb92658181866071f4c84eff.png?fl=progressive&fm=jpg&bg=rgb:fafafa&w=620&h=620,2026-06-28 01:48:20.118,2026-06-28 01:55:56.584
cmqx4qq94000j3835te5r5f6g,Joie,Mint Latch,Joie Mint Latch,INFANT,MacroBaby catalog infant car seat. Retailer offer is resolved from the affiliate catalog.,,,,,https://babylist.pxf.io/c/6560395/1160375/13580?prodsku=2419731&u=https%3A%2F%2Fwww.babylist.com%2Fgp%2Fjoie-baby-mint-latch-baseless-infant-car-seat%2F54936%2F2419731&intsrc=CATF_8981,299.99,https://images.ctfassets.net/50gzycvace50/231d1330520e3daa7f175a5bba05cb42a5552510219c80fbe7a3672f29d67cdb/c424a34c5f444f2921a4fff9af51e349/231d1330520e3daa7f175a5bba05cb42a5552510219c80fbe7a3672f29d67cdb.png?fl=progressive&fm=jpg&bg=rgb:fafafa&w=620&h=620,2026-06-28 01:48:20.2,2026-06-28 01:55:56.678
joie-rue,Joie,Rue,Joie Rue,INFANT,Lightweight baseless infant car seat; compatible with Joie strollers and select strollers via Joie ICS Adaptor,,,,product_8981_2419733,https://babylist.pxf.io/c/6560395/1160375/13580?prodsku=2419733&u=https%3A%2F%2Fwww.babylist.com%2Fgp%2Fjoie-rue-infant-car-seat-with-base%2F54935%2F2419733&intsrc=APIG_8981,169.99,https://images.ctfassets.net/50gzycvace50/23f14924532fcb4214c1f23ddaa9915a169a7d9e769034483a95dea194d1e560/c87b879128a44f85aa40d084a288931e/23f14924532fcb4214c1f23ddaa9915a169a7d9e769034483a95dea194d1e560.png?fl=progressive&fm=jpg&bg=rgb:fafafa&w=620&h=620,2026-06-13 20:48:32.741,2026-06-21 03:52:03.15
cmqx4qqbg000k3835k8b3mf6l,Maxi-Cosi,Ambra,Maxi-Cosi Ambra,INFANT,"The Maxi-Cosi Ambra Infant Car Seat, our premium, ultra-lightweight infant car seat for baby. At under 7 lbs.,* carrying Ambra is a breeze, so outings with your little one are easy. The Ambra baby car seat is designed with comfort and security in mind we've thought of all the details so you can enjoy your time together. Best of all, car seat installation of our convenient stay-in-car infant car seat base is simple and secure with rigid LATCH connectors. For rear-facing babies from 430 lbs. and up to 32.",https://amzn.to/3TjPjwF,,https://m.media-amazon.com/images/I/7126yTWF8PL._SL1500_.jpg,,,,,2026-06-28 01:48:20.284,2026-07-26 23:13:46.356
maxi-cosi-mico-luxe,Maxi-Cosi,Mico Luxe,Maxi-Cosi Mico Luxe,INFANT,Infant car seat,,,https://m.media-amazon.com/images/I/71+OORRMsbL._SL1500_.jpg,,,,https://cdn.shopify.com/s/files/1/0685/7329/8919/files/maxi-cosi-mico-luxe-infant-car-seat-midnight-glow-128.jpg?v=1763822651,2026-03-22 17:19:43.856,2026-07-28 20:19:07.97
maxi-cosi-mico-pro,Maxi-Cosi,Mico Pro,Maxi-Cosi Mico Pro,INFANT,Everyday infant car seat with Maxi-Cosi click connector; compatible with any stroller accepting Maxi-Cosi seats,,,,product_8981_2687825,https://babylist.pxf.io/c/6560395/1160375/13580?prodsku=2687825&u=https%3A%2F%2Fwww.babylist.com%2Fgp%2Fmaxi-cosi-mico-pro-infant-car-seat-8bdf76f7-1b69-47e7-89ac-325912aa274d%2F77692%2F2687825&intsrc=APIG_8981,319.99,https://images.ctfassets.net/50gzycvace50/79b0eb12b26f3350624643710bfb354b37a023c331b7fb3f6f34fbf5fbee590e/7365ba53c683d3570b4c3127dd3dead3/79b0eb12b26f3350624643710bfb354b37a023c331b7fb3f6f34fbf5fbee590e.png?fl=progressive&fm=jpg&bg=rgb:fafafa&w=620&h=620,2026-06-13 20:48:32.741,2026-06-21 03:52:00.42
cmry6pa5o001ovblfjcngmv5n,Maxi-Cosi,Mico XP,Maxi-Cosi Mico XP Max,INFANT,Maxi-Cosi Mico XP infant car seat.,https://amzn.to/4pOQZu1,,https://m.media-amazon.com/images/I/81lF0OaD9pL._SX679_.jpg,,,,,2026-07-24 00:10:40.429,2026-07-31 01:44:28.339
maxi-cosi-peri,Maxi-Cosi,Peri 180,Maxi-Cosi Peri 180,INFANT,Rotating infant car seat,,,,,https://babylist.pxf.io/c/6560395/1160375/13580?prodsku=1929883&u=https%3A%2F%2Fwww.babylist.com%2Fgp%2Fmaxi-cosi-peri-180-rotating-infant-car-seat%2F50590%2F1929883&intsrc=CATF_8981,499.99,https://images.ctfassets.net/50gzycvace50/55e23e965e4264628fb503d404c77eb9ae5090bd54556640e592a3585a2ca25a/45367619b49059d68afe303ebba64992/55e23e965e4264628fb503d404c77eb9ae5090bd54556640e592a3585a2ca25a.png?fl=progressive&fm=jpg&bg=rgb:fafafa&w=620&h=620,2026-03-22 17:19:43.93,2026-06-28 01:55:56.779
nuna-pipa-lite-rx,Nuna,PIPA Aire,Nuna PIPA Aire,INFANT,Infant car seat,,,,,,,https://cdn.shopify.com/s/files/1/0685/7329/8919/files/nuna-pipa-aire-rx-infant-car-seat-pipa-relx-base-with-load-leg-granite-1205553031.jpg?v=1781026877,2026-03-22 03:02:28.613,2026-06-25 21:49:09.657
nuna-pipa-aire-rx,Nuna,PIPA Aire rx,Nuna PIPA Aire rx,INFANT,Lightweight PIPA Aire infant car seat with RELX base; uses the same Maxi-Cosi-style click connector as the PIPA rx,,,,,https://babylist.pxf.io/c/6560395/1160375/13580?prodsku=2116079&u=https%3A%2F%2Fwww.babylist.com%2Fgp%2Fnuna-pipa-aire-rx%2F46282%2F2116079&intsrc=CATF_8981,650,https://images.ctfassets.net/50gzycvace50/016e2b68ef6f56e8ba8cb54d7db20de9c79b2654c339444d64391d4836eeda76/d80913a74a18f5dfd593e9bc9bea0cb5/016e2b68ef6f56e8ba8cb54d7db20de9c79b2654c339444d64391d4836eeda76.png?fl=progressive&fm=jpg&bg=rgb:fafafa&w=620&h=620,2026-06-13 20:48:32.741,2026-06-28 01:55:56.876
nuna-pipa-rx,Nuna,PIPA RX,Nuna PIPA RX,INFANT,Infant car seat,,,,,https://babylist.pxf.io/c/6560395/1160375/13580?prodsku=310275&u=https%3A%2F%2Fwww.babylist.com%2Fgp%2Fnuna-pipa-rx%2F16140%2F310275&intsrc=CATF_8981,550,https://images.ctfassets.net/50gzycvace50/6d81782ceb20a7a475ceb9a076cc17ccb10869fabfc4d9b0e92a68b8f2146ebd/97c7571fd1b654a04c4262bd1ad7a3cf/6d81782ceb20a7a475ceb9a076cc17ccb10869fabfc4d9b0e92a68b8f2146ebd.png?fl=progressive&fm=jpg&bg=rgb:fafafa&w=620&h=620,2026-03-22 03:02:28.613,2026-06-28 01:55:56.959
nuna-pipa-urbn,Nuna,PIPA urbn,Nuna PIPA urbn,INFANT,"The Nuna PIPA urbn is the baseless PIPA that installs with just the vehicle belt, so there is no base to buy or wrestle into the car. One catch worth knowing: it is only sold bundled as a travel system with a Nuna stroller, never on its own. The upside is it clicks into the exact same adapters as every other PIPA in the lineup, so your stroller options do not shrink one bit.",,,https://nunababy.com/media/catalog/product/n/u/nuna_pipaurbn_caviar_angle_anchors_us_shadow_web_42ec_4.png?optimize=high&fit=bounds&height=730&width=730&canvas=730:730&format=jpeg,,,,https://cdn.shopify.com/s/files/1/0685/7329/8919/files/nuna-flex-frame-pipa-urbn-baseless-infant-car-seat-system-caviar-1205483388.jpg?v=1781171110,2026-03-22 03:02:28.613,2026-07-31 01:53:48.197
cmrdwvbf6000r7tmakuwvbkdb,Nuna,RAVA Next,Nuna RAVA Next,CONVERTIBLE,,,,,,https://babylist.pxf.io/c/6560395/1056628/13580?u=https%3A%2F%2Fwww.babylist.com%2Fgp%2Fnuna-rava-next%2F78885%2F2811879&partnerpropertyid=7490466,,https://encrypted-tbn0.gstatic.com/images?q=tbn:ANd9GcRG-14qjLq4qg-1aL6gffl2SH8t233MwQLInbaopltYgg&s=10,2026-07-09 19:40:02.322,2026-07-09 19:40:02.322
cmrdwvbl3000s7tmamtizz5po,Nuna,REVV Maxx,Nuna REVV Maxx,CONVERTIBLE,,,,,,https://babylist.pxf.io/c/6560395/1056628/13580?u=https%3A%2F%2Fwww.babylist.com%2Fgp%2Fnuna-revv-maxx%2F80447%2F2903591&partnerpropertyid=7490466,,https://nunababy.com/media/catalog/product/n/u/nuna_revvmaxx_caviarccr_hero_ff1_us_web_1_1.png?optimize=high&fit=bounds&height=730&width=730&canvas=730:730&format=jpeg,2026-07-09 19:40:02.535,2026-07-09 19:40:02.535
cmqx4qqdv000l3835x5pi9onc,Orbit Baby,G5,Orbit Baby G5+,INFANT,Docks and rotates into position to save parents from back pain.,,,https://www.macrobaby.com/cdn/shop/files/G5_Plus_Melange_Flax_01.jpg?v=1736382427,,,,,2026-06-28 01:48:20.372,2026-07-26 23:18:17.324
peg-perego-primo-viaggio-4-35,Peg Perego,Primo Viaggio 4-35,Peg Perego Primo Viaggio 4-35,INFANT,Infant car seat,,,,product_8981_2272334,https://babylist.pxf.io/c/6560395/1160375/13580?prodsku=2272334&u=https%3A%2F%2Fwww.babylist.com%2Fgp%2Fpeg-perego-peg-primo-viaggio-nido-rear-facing-infant-car-seat%2F68708%2F2272334&intsrc=APIG_8981,449.99,https://images.ctfassets.net/50gzycvace50/638c3752bf3b3f4b05149917faa195ad454aac668a6d3cf62fa6eb7ad90de08e/15fd0607f221e379cf6e8ed2462f3b9d/638c3752bf3b3f4b05149917faa195ad454aac668a6d3cf62fa6eb7ad90de08e.png?fl=progressive&fm=jpg&bg=rgb:fafafa&w=620&h=620,2026-03-22 17:19:43.856,2026-06-21 03:52:02.355
cmqx4qqg6000m3835m0yyofjb,Peg Perego,Primo Viaggio Lounge,Peg Perego Primo Viaggio Lounge,INFANT,MacroBaby catalog infant car seat. Retailer offer is resolved from the affiliate catalog.,,,,,https://babylist.pxf.io/c/6560395/1160375/13580?prodsku=2272328&u=https%3A%2F%2Fwww.babylist.com%2Fgp%2Fpeg-perego-peg-primo-viaggio-lounge-reclining-rear-facing-infant-car-seat%2F68707%2F2272328&intsrc=CATF_8981,499.99,https://images.ctfassets.net/50gzycvace50/afc8f29481b68a1b5fd144a336589d9654c37952c157960392d338adffab83f8/e9c350f4227513779cb34d360e2170fa/afc8f29481b68a1b5fd144a336589d9654c37952c157960392d338adffab83f8.png?fl=progressive&fm=jpg&bg=rgb:fafafa&w=620&h=620,2026-06-28 01:48:20.454,2026-06-28 01:55:57.044
cmqx4qqif000n3835uubq8mpy,Peg Perego,Primo Viaggio Nido,Peg Perego Primo Viaggio Nido,INFANT,MacroBaby catalog infant car seat. Retailer offer is resolved from the affiliate catalog.,,,,,https://babylist.pxf.io/c/6560395/1160375/13580?prodsku=2272334&u=https%3A%2F%2Fwww.babylist.com%2Fgp%2Fpeg-perego-peg-primo-viaggio-nido-rear-facing-infant-car-seat%2F68708%2F2272334&intsrc=CATF_8981,449.99,https://images.ctfassets.net/50gzycvace50/638c3752bf3b3f4b05149917faa195ad454aac668a6d3cf62fa6eb7ad90de08e/15fd0607f221e379cf6e8ed2462f3b9d/638c3752bf3b3f4b05149917faa195ad454aac668a6d3cf62fa6eb7ad90de08e.png?fl=progressive&fm=jpg&bg=rgb:fafafa&w=620&h=620,2026-06-28 01:48:20.535,2026-06-28 01:55:57.127
cmqx4qqkp000o38351izn0hlv,Romer,Juni,Romer Juni,INFANT,MacroBaby catalog infant car seat. Retailer offer is resolved from the affiliate catalog.,,,,,https://babylist.pxf.io/c/6560395/1160375/13580?prodsku=2262750&u=https%3A%2F%2Fwww.babylist.com%2Fgp%2Fromer-juni-infant-car-seat-with-versa-base%2F68665%2F2262750&intsrc=CATF_8981,499.99,https://images.ctfassets.net/50gzycvace50/eca0baecd3635ba0335cf241a5b79e9f249f7f7137cd0b4f9e5a6e15779159f8/f7fd6222a268eb5d72a1c711547a5fc8/eca0baecd3635ba0335cf241a5b79e9f249f7f7137cd0b4f9e5a6e15779159f8.png?fl=progressive&fm=jpg&bg=rgb:fafafa&w=620&h=620,2026-06-28 01:48:20.617,2026-06-28 01:55:57.209
cmqx4qqn2000p3835rq4c68z0,Safety 1st,onBoard FLX,Safety 1st onBoard FLX,INFANT,MacroBaby catalog infant car seat. Retailer offer is resolved from the affiliate catalog.,,,,,https://babylist.pxf.io/c/6560395/1160375/13580?prodsku=2794314&u=https%3A%2F%2Fwww.babylist.com%2Fgp%2Fsafety-1st-onboard-flx-infant-car-seat%2F78433%2F2794314&intsrc=CATF_8981,134.99,https://images.ctfassets.net/50gzycvace50/a611349a7ad6266a1a60b518aaeeb56e491f6da20cfb14f14bfa70de01ec6682/1f9267b7159e457c9855351b53d35ad1/a611349a7ad6266a1a60b518aaeeb56e491f6da20cfb14f14bfa70de01ec6682.png?fl=progressive&fm=jpg&bg=rgb:fafafa&w=620&h=620,2026-06-28 01:48:20.702,2026-06-28 01:55:57.291
uppababy-aria,UPPAbaby,Aria,UPPAbaby Aria,INFANT,Infant car seat,https://amzn.to/4gQgJE0,,,,,,https://cdn.shopify.com/s/files/1/0685/7329/8919/files/uppababy-aria-v2-lightweight-infant-car-seat-ada-sandstone-1222167898.jpg?v=1780701879,2026-03-22 03:02:28.613,2026-07-04 21:48:56.317
uppababy-aria-v2,UPPAbaby,Aria V2,UPPAbaby Aria V2,INFANT,Next-generation Aria infant car seat,https://amzn.to/4gQgJE0,,,,https://babylist.pxf.io/c/6560395/1160375/13580?prodsku=2848459&u=https%3A%2F%2Fwww.babylist.com%2Fgp%2Fuppababy-aria-v2%2F75212%2F2848459&intsrc=CATF_8981,449.99,https://images.ctfassets.net/50gzycvace50/491ee8c2cf2ea9497cf69361a3e889f26be8cdda1e846b6bb4c81768169bd4c7/1e840c2feeae2cab35548e15c27c6a38/491ee8c2cf2ea9497cf69361a3e889f26be8cdda1e846b6bb4c81768169bd4c7.png?fl=progressive&fm=jpg&bg=rgb:fafafa&w=620&h=620,2026-06-13 20:48:32.697,2026-07-04 21:46:40.888
uppababy-mesa-v3,UPPAbaby,Mesa V3,UPPAbaby Mesa V3,INFANT,Infant car seat,https://amzn.to/4eJuQJX,,,,https://babylist.pxf.io/c/6560395/1160375/13580?prodsku=2848462&u=https%3A%2F%2Fwww.babylist.com%2Fgp%2Fuppababy-mesa-v3%2F74913%2F2848462&intsrc=CATF_8981,349.99,https://images.ctfassets.net/50gzycvace50/6f7d9c6177da8674c3a4360755433a3a3853d4dac044373ac9af2615a57c52a5/d026e9cb4fa3d8fc0d37376bceb2f3ee/6f7d9c6177da8674c3a4360755433a3a3853d4dac044373ac9af2615a57c52a5.png?fl=progressive&fm=jpg&bg=rgb:fafafa&w=620&h=620,2026-03-22 17:19:43.93,2026-07-04 21:45:57.243
